# Time (s),Altitude (m),Vertical velocity (m/s),Vertical acceleration (m/s²),Mass (kg),Air density (kg/m³),Speed of sound (m/s)
0,0,0,0,27.977,1.129,337.049
0.01,0,0,0,27.977,1.129,337.049
0.02,0,0,0,27.976,1.129,337.049
0.029,3.466e-5,0.014,4.284,27.975,1.129,337.049
0.032,1.925e-4,0.14,70.689,27.972,1.129,337.049
0.035,0.001,0.426,81.839,27.967,1.129,337.049
0.039,0.003,0.754,92.993,27.962,1.129,337.049
0.045,0.009,1.258,86.19,27.954,1.129,337.049
0.049,0.015,1.623,80.896,27.948,1.129,337.049
0.052,0.02,1.896,116.196,27.943,1.129,337.049
0.055,0.028,2.341,120.787,27.936,1.129,337.049
0.06,0.04,2.928,126.605,27.926,1.129,337.049
0.067,0.064,3.855,133.587,27.911,1.129,337.049
0.07,0.076,4.243,136.407,27.905,1.129,337.049
0.074,0.096,4.838,139.595,27.896,1.129,337.048
0.078,0.114,5.358,142.322,27.887,1.129,337.048
0.084,0.146,6.153,145.222,27.875,1.129,337.048
0.088,0.175,6.808,147.567,27.864,1.129,337.048
0.095,0.224,7.796,147.246,27.849,1.129,337.048
0.105,0.309,9.266,146.766,27.825,1.129,337.048
0.115,0.409,10.731,146.285,27.802,1.129,337.047
0.12,0.468,11.505,146.029,27.79,1.129,337.047
0.128,0.564,12.662,145.072,27.771,1.129,337.047
0.138,0.698,14.106,143.864,27.748,1.129,337.046
0.148,0.847,15.547,142.648,27.725,1.129,337.045
0.158,1.01,16.974,142.821,27.703,1.129,337.045
0.168,1.187,18.403,142.993,27.68,1.129,337.044
0.178,1.378,19.834,143.166,27.657,1.129,337.043
0.188,1.583,21.266,143.339,27.635,1.129,337.043
0.198,1.803,22.701,143.511,27.612,1.128,337.042
0.208,2.037,24.137,143.684,27.589,1.128,337.041
0.218,2.286,25.574,143.856,27.566,1.128,337.04
0.228,2.549,27.014,144.028,27.544,1.128,337.039
0.238,2.826,28.455,144.199,27.521,1.128,337.038
0.247,3.088,29.753,144.354,27.501,1.128,337.037
0.26,3.503,31.704,144.69,27.47,1.128,337.035
0.281,4.175,34.64,145.195,27.423,1.128,337.032
0.311,5.294,39.061,145.953,27.354,1.128,337.028
0.357,7.226,45.737,147.089,27.249,1.128,337.02
0.398,9.241,51.835,148.118,27.155,1.128,337.012
0.448,12.018,59.27,149.265,27.039,1.127,337.001
0.498,15.169,66.762,150.41,26.923,1.127,336.989
0.548,18.695,74.311,151.551,26.807,1.127,336.975
0.577,20.914,78.715,152.211,26.74,1.126,336.966
0.62,24.483,85.363,153.45,26.638,1.126,336.952
0.67,28.943,93.071,154.871,26.52,1.125,336.935
0.72,33.791,100.85,156.285,26.402,1.125,336.916
0.771,39.03,108.7,157.697,26.284,1.124,336.895
0.774,39.411,109.252,157.796,26.276,1.124,336.894
0.779,39.987,110.081,157.933,26.263,1.124,336.891
0.787,40.859,111.325,158.139,26.244,1.124,336.888
0.799,42.185,113.195,158.448,26.216,1.124,336.883
0.817,44.215,116.007,158.912,26.173,1.124,336.875
0.843,47.355,120.239,159.605,26.11,1.123,336.862
0.883,52.275,126.623,160.641,26.014,1.123,336.843
0.933,58.808,134.688,161.932,25.894,1.122,336.817
0.964,63.047,139.703,162.726,25.82,1.122,336.8
1.01,69.697,147.268,163.69,25.707,1.121,336.774
1.06,77.265,155.478,164.716,25.585,1.12,336.744
1.11,85.246,163.739,165.729,25.464,1.119,336.713
1.16,93.64,172.05,166.723,25.342,1.118,336.68
1.172,95.656,173.994,166.953,25.314,1.118,336.672
1.189,98.723,176.916,167.34,25.271,1.118,336.66
1.216,103.419,181.311,167.916,25.206,1.117,336.641
1.255,110.679,187.931,168.771,25.109,1.116,336.613
1.305,120.287,196.397,169.841,24.986,1.115,336.575
1.341,127.463,202.521,170.595,24.897,1.114,336.547
1.391,137.803,211.06,170.987,24.773,1.113,336.506
1.441,148.569,219.619,171.361,24.65,1.112,336.464
1.491,159.765,228.196,171.708,24.526,1.111,336.419
1.51,164.131,231.459,171.835,24.479,1.11,336.402
1.539,170.798,236.363,172.29,24.408,1.11,336.376
1.581,181.06,243.743,172.969,24.301,1.109,336.336
1.631,193.464,252.411,173.74,24.177,1.107,336.287
1.661,201.05,257.586,174.184,24.103,1.106,336.257
1.706,212.718,265.369,174.623,23.992,1.105,336.211
1.756,226.205,274.112,175.081,23.866,1.104,336.158
1.806,240.13,282.876,175.479,23.741,1.102,336.103
1.837,249.092,288.386,175.692,23.663,1.101,336.068
1.884,262.858,296.664,176.084,23.545,1.1,336.013
1.934,277.912,305.477,176.53,23.419,1.098,335.954
1.984,293.407,314.32,177.173,23.293,1.097,335.893
2.027,307.066,321.939,177.705,23.185,1.095,335.839
2.077,323.385,330.837,178.243,23.058,1.093,335.775
2.127,340.15,339.76,178.453,22.932,1.092,335.709
2.157,350.423,345.112,178.425,22.856,1.091,335.668
2.202,366.134,353.143,178.526,22.742,1.089,335.607
2.252,384.015,362.076,178.854,22.615,1.087,335.536
2.295,399.749,369.778,179.355,22.505,1.085,335.474
2.336,415.061,377.137,179.68,22.401,1.084,335.414
2.386,434.142,386.117,179.555,22.274,1.082,335.339
2.436,453.673,395.095,179.586,22.148,1.079,335.262
2.486,473.652,404.077,179.704,22.021,1.077,335.183
2.505,481.362,407.492,179.756,21.973,1.076,335.153
2.534,493.048,412.616,179.831,21.902,1.075,335.107
2.576,510.852,420.306,179.903,21.794,1.073,335.037
2.626,532.092,429.3,179.838,21.669,1.071,334.953
2.633,534.994,430.514,179.804,21.652,1.071,334.941
2.643,539.362,432.333,179.577,21.627,1.07,334.924
2.658,545.949,435.058,179.235,21.59,1.07,334.898
2.681,555.907,439.135,178.667,21.534,1.068,334.859
2.715,571.017,445.225,177.804,21.449,1.067,334.8
2.765,593.5,454.084,176.535,21.326,1.064,334.711
2.794,606.621,459.146,175.815,21.255,1.063,334.659
2.837,626.574,466.713,175.316,21.151,1.061,334.581
2.887,650.128,475.465,174.772,21.03,1.058,334.488
2.937,674.12,484.191,174.243,20.909,1.056,334.393
2.97,690.143,489.917,173.881,20.829,1.054,334.33
3.019,714.531,498.472,172.843,20.712,1.052,334.234
3.069,739.67,507.087,171.763,20.593,1.049,334.135
3.119,765.238,515.648,170.649,20.474,1.046,334.035
3.131,771.259,517.635,170.384,20.447,1.046,334.011
3.148,780.332,520.611,170.126,20.406,1.045,333.975
3.175,794.04,525.066,169.738,20.345,1.044,333.921
3.214,814.82,531.73,169.172,20.253,1.041,333.839
3.264,841.618,540.171,168.504,20.136,1.039,333.734
3.3,861.16,546.226,168.053,20.052,1.037,333.657
3.35,888.681,554.615,167.531,19.937,1.034,333.548
3.4,916.621,562.979,167.001,19.823,1.031,333.438
3.449,944.408,571.149,166.463,19.71,1.028,333.329
3.499,973.173,579.48,166.805,19.596,1.025,333.215
3.547,1001.181,587.494,167.117,19.486,1.022,333.105
3.597,1030.763,595.8,165.108,19.372,1.019,332.989
3.607,1036.73,597.449,164.704,19.35,1.018,332.965
3.622,1045.71,599.892,161.037,19.318,1.018,332.93
3.645,1059.248,603.454,155.527,19.27,1.016,332.876
3.678,1079.701,608.563,147.239,19.198,1.014,332.796
3.708,1097.87,612.834,139.919,19.135,1.012,332.724
3.753,1125.352,618.713,123.566,19.056,1.009,332.616
3.803,1156.434,624.433,105.187,18.967,1.006,332.494
3.825,1170.431,626.694,96.942,18.928,1.005,332.438
3.859,1191.518,629.818,89.235,18.88,1.003,332.355
3.909,1223.116,633.992,77.722,18.808,1,332.231
3.927,1234.818,635.386,73.462,18.782,0.998,332.185
3.955,1252.418,637.372,70.137,18.747,0.997,332.116
3.996,1278.918,640.178,65.145,18.696,0.994,332.011
4.046,1311.006,643.284,59.099,18.635,0.991,331.885
4.054,1316.063,643.745,58.147,18.625,0.99,331.865
4.066,1323.656,644.423,56.878,18.612,0.99,331.835
4.083,1335.061,645.412,54.974,18.593,0.988,331.79
4.11,1352.2,646.832,52.118,18.565,0.987,331.722
4.15,1377.976,648.821,47.841,18.522,0.984,331.621
4.2,1410.475,651.078,42.464,18.468,0.981,331.493
4.205,1413.87,651.298,41.905,18.463,0.981,331.48
4.213,1418.965,651.62,40.448,18.456,0.98,331.46
4.225,1426.612,652.082,38.263,18.445,0.979,331.429
4.242,1438.092,652.726,34.988,18.43,0.978,331.384
4.269,1455.333,653.585,30.073,18.406,0.977,331.316
4.308,1481.231,654.63,22.712,18.371,0.974,331.214
4.314,1485.07,654.76,21.625,18.366,0.974,331.199
4.323,1490.829,654.94,19.418,18.36,0.973,331.176
4.336,1499.471,655.175,16.109,18.351,0.972,331.142
4.356,1512.439,655.444,11.145,18.337,0.971,331.091
4.385,1531.898,655.665,3.699,18.316,0.969,331.015
4.394,1537.499,655.687,1.557,18.311,0.968,330.993
4.407,1545.9,655.691,-1.02,18.304,0.967,330.96
4.426,1558.503,655.634,-4.884,18.294,0.966,330.91
4.455,1577.402,655.409,-10.679,18.279,0.964,330.835
4.462,1582.078,655.328,-12.114,18.275,0.964,330.817
4.473,1589.092,655.19,-13.768,18.271,0.963,330.789
4.489,1599.609,654.949,-16.249,18.264,0.962,330.748
4.511,1614.172,654.549,-19.686,18.255,0.961,330.691
4.544,1635.998,653.85,-22.217,18.244,0.958,330.605
4.594,1668.661,652.644,-26.015,18.228,0.955,330.476
4.631,1692.554,651.64,-28.797,18.216,0.953,330.382
4.681,1725.098,650.072,-33.908,18.205,0.95,330.254
4.731,1757.557,648.25,-38.972,18.195,0.947,330.126
4.761,1776.987,647.036,-41.997,18.188,0.945,330.049
4.806,1806.06,645.068,-45.445,18.184,0.942,329.935
4.854,1836.969,642.799,-49.1,18.179,0.939,329.813
4.906,1870.326,640.081,-55.424,18.177,0.936,329.682
4.956,1902.26,637.321,-55,18.177,0.933,329.556
5.006,1934.058,634.581,-54.582,18.177,0.93,329.431
5.056,1965.719,631.862,-54.185,18.177,0.927,329.306
5.106,1997.245,629.163,-53.803,18.177,0.924,329.182
5.156,2028.636,626.482,-53.415,18.177,0.921,329.058
5.206,2059.893,623.821,-53.016,18.177,0.918,328.935
5.256,2091.018,621.181,-52.607,18.177,0.915,328.812
5.306,2122.011,618.561,-52.184,18.177,0.912,328.69
5.356,2152.874,615.962,-51.766,18.177,0.909,328.569
5.406,2183.608,613.384,-51.379,18.177,0.906,328.448
5.456,2214.213,610.824,-51.009,18.177,0.903,328.327
5.506,2244.691,608.283,-50.647,18.177,0.901,328.207
5.556,2275.042,605.759,-50.301,18.177,0.898,328.087
5.606,2305.267,603.252,-49.961,18.177,0.895,327.968
5.656,2335.367,600.763,-49.619,18.177,0.892,327.85
5.706,2365.343,598.291,-49.265,18.177,0.89,327.732
5.756,2395.197,595.837,-48.891,18.177,0.887,327.614
5.806,2424.927,593.402,-48.52,18.177,0.884,327.497
5.856,2454.537,590.985,-48.162,18.177,0.881,327.38
5.906,2484.026,588.585,-47.81,18.177,0.879,327.264
5.956,2513.396,586.203,-47.482,18.177,0.876,327.149
6.006,2542.647,583.837,-47.168,18.177,0.873,327.033
6.056,2571.78,581.486,-46.868,18.177,0.871,326.919
6.106,2600.796,579.151,-46.549,18.177,0.868,326.804
6.156,2629.695,576.831,-46.221,18.177,0.865,326.69
6.206,2658.479,574.528,-45.89,18.177,0.863,326.577
6.256,2687.148,572.242,-45.557,18.177,0.86,326.464
6.306,2715.703,569.972,-45.238,18.177,0.858,326.352
6.356,2744.146,567.718,-44.934,18.177,0.855,326.24
6.406,2772.476,565.479,-44.633,18.177,0.853,326.128
6.456,2800.694,563.255,-44.343,18.177,0.85,326.017
6.506,2828.801,561.045,-44.064,18.177,0.848,325.906
6.556,2856.799,558.848,-43.797,18.177,0.845,325.796
6.606,2884.686,556.665,-43.503,18.177,0.843,325.686
6.656,2912.465,554.498,-43.191,18.177,0.84,325.577
6.706,2940.136,552.346,-42.885,18.177,0.838,325.468
6.756,2967.7,550.209,-42.593,18.177,0.836,325.359
6.806,2995.158,548.087,-42.315,18.177,0.833,325.251
6.856,3022.509,545.977,-42.061,18.177,0.831,325.143
6.906,3049.755,543.88,-41.813,18.177,0.828,325.036
6.956,3076.897,541.796,-41.554,18.177,0.826,324.929
7.006,3103.935,539.725,-41.291,18.177,0.823,324.822
7.056,3130.87,537.667,-41.017,18.177,0.821,324.716
7.106,3157.702,535.624,-40.728,18.177,0.819,324.611
7.156,3184.433,533.594,-40.454,18.177,0.816,324.505
7.206,3211.062,531.578,-40.195,18.177,0.814,324.4
7.256,3237.591,529.574,-39.949,18.177,0.812,324.296
7.306,3264.02,527.583,-39.713,18.177,0.81,324.192
7.356,3290.349,525.603,-39.481,18.177,0.808,324.088
7.406,3316.58,523.635,-39.26,18.177,0.805,323.985
7.456,3342.713,521.677,-39.019,18.177,0.803,323.882
7.506,3368.748,519.733,-38.759,18.177,0.801,323.779
7.556,3394.686,517.801,-38.514,18.177,0.799,323.677
7.606,3420.528,515.882,-38.271,18.177,0.797,323.575
7.656,3446.275,513.974,-38.043,18.177,0.794,323.474
7.706,3471.926,512.077,-37.818,18.177,0.792,323.373
7.756,3497.483,510.192,-37.598,18.177,0.79,323.272
7.806,3522.945,508.318,-37.373,18.177,0.788,323.172
7.856,3548.315,506.454,-37.158,18.177,0.786,323.072
7.906,3573.591,504.602,-36.93,18.177,0.783,322.972
7.956,3598.775,502.761,-36.704,18.177,0.781,322.873
8.006,3623.867,500.932,-36.476,18.177,0.779,322.774
8.056,3648.868,499.114,-36.257,18.177,0.777,322.676
8.106,3673.779,497.306,-36.056,18.177,0.775,322.578
8.156,3698.599,495.508,-35.857,18.177,0.773,322.48
8.206,3723.33,493.72,-35.661,18.177,0.771,322.383
8.256,3747.971,491.942,-35.451,18.177,0.769,322.286
8.306,3772.524,490.175,-35.238,18.177,0.767,322.189
8.356,3796.989,488.418,-35.032,18.177,0.765,322.092
8.406,3821.366,486.671,-34.839,18.177,0.763,321.996
8.456,3845.656,484.935,-34.638,18.177,0.761,321.901
8.506,3869.86,483.207,-34.446,18.177,0.759,321.805
8.556,3893.977,481.49,-34.255,18.177,0.757,321.71
8.606,3918.009,479.782,-34.073,18.177,0.755,321.616
8.656,3941.955,478.083,-33.895,18.177,0.753,321.521
8.706,3965.817,476.393,-33.706,18.177,0.751,321.427
8.756,3989.595,474.712,-33.507,18.177,0.749,321.334
8.806,4013.289,473.042,-33.309,18.177,0.748,321.24
8.856,4036.899,471.381,-33.115,18.177,0.746,321.147
8.906,4060.427,469.73,-32.938,18.177,0.744,321.055
8.956,4083.872,468.087,-32.769,18.177,0.742,320.962
9.006,4107.236,466.453,-32.602,18.177,0.74,320.87
9.056,4130.518,464.827,-32.435,18.177,0.738,320.779
9.106,4153.719,463.21,-32.263,18.177,0.736,320.687
9.156,4176.839,461.601,-32.075,18.177,0.734,320.596
9.206,4199.879,460.002,-31.888,18.177,0.732,320.505
9.256,4222.839,458.412,-31.715,18.177,0.731,320.415
9.306,4245.72,456.831,-31.548,18.177,0.729,320.325
9.356,4268.522,455.257,-31.395,18.177,0.727,320.235
9.406,4291.246,453.691,-31.249,18.177,0.725,320.146
9.456,4313.892,452.132,-31.108,18.177,0.724,320.056
9.506,4336.459,450.58,-30.954,18.177,0.722,319.967
9.556,4358.95,449.037,-30.768,18.177,0.72,319.879
9.606,4381.363,447.503,-30.593,18.177,0.718,319.791
9.656,4403.7,445.978,-30.422,18.177,0.717,319.703
9.706,4425.961,444.461,-30.268,18.177,0.715,319.615
9.756,4448.146,442.951,-30.13,18.177,0.713,319.528
9.806,4470.256,441.448,-29.988,18.177,0.711,319.44
9.856,4492.291,439.952,-29.838,18.177,0.71,319.354
9.906,4514.252,438.464,-29.685,18.177,0.708,319.267
9.956,4536.138,436.984,-29.531,18.177,0.706,319.181
10.006,4557.95,435.511,-29.382,18.177,0.705,319.095
10.056,4579.689,434.045,-29.237,18.177,0.703,319.009
10.106,4601.355,432.587,-29.092,18.177,0.701,318.924
10.156,4622.948,431.136,-28.947,18.177,0.699,318.839
10.206,4644.469,429.692,-28.806,18.177,0.698,318.754
10.256,4665.917,428.256,-28.659,18.177,0.696,318.67
10.306,4687.294,426.826,-28.524,18.177,0.694,318.586
10.356,4708.6,425.404,-28.387,18.177,0.693,318.502
10.406,4729.835,423.988,-28.253,18.177,0.691,318.418
10.456,4750.999,422.578,-28.117,18.177,0.69,318.335
10.506,4772.093,421.176,-27.989,18.177,0.688,318.252
10.556,4793.117,419.78,-27.852,18.177,0.687,318.169
10.606,4814.071,418.39,-27.72,18.177,0.685,318.086
10.656,4834.956,417.007,-27.599,18.177,0.684,318.004
10.706,4855.772,415.631,-27.472,18.177,0.682,317.922
10.756,4876.519,414.26,-27.337,18.177,0.68,317.84
10.806,4897.198,412.897,-27.205,18.177,0.679,317.759
10.856,4917.809,411.54,-27.083,18.177,0.677,317.678
10.906,4938.352,410.188,-26.967,18.177,0.676,317.597
10.956,4958.828,408.843,-26.858,18.177,0.674,317.516
11.006,4979.236,407.503,-26.747,18.177,0.673,317.436
11.056,4999.578,406.168,-26.636,18.177,0.671,317.355
11.106,5019.853,404.839,-26.538,18.177,0.67,317.276
11.156,5040.062,403.514,-26.448,18.177,0.668,317.196
11.206,5060.205,402.194,-26.357,18.177,0.667,317.117
11.256,5080.281,400.879,-26.254,18.177,0.665,317.038
11.306,5100.293,399.569,-26.153,18.177,0.664,316.959
11.356,5120.238,398.263,-26.058,18.177,0.662,316.88
11.406,5140.119,396.963,-25.975,18.177,0.661,316.802
11.456,5159.935,395.666,-25.896,18.177,0.659,316.724
11.506,5179.686,394.373,-25.824,18.177,0.658,316.646
11.556,5199.372,393.083,-25.761,18.177,0.656,316.568
11.606,5218.994,391.797,-25.706,18.177,0.655,316.491
11.656,5238.552,390.513,-25.631,18.177,0.654,316.414
11.706,5258.045,389.234,-25.544,18.177,0.652,316.337
11.756,5277.475,387.959,-25.452,18.177,0.651,316.261
11.806,5296.841,386.688,-25.38,18.177,0.649,316.185
11.856,5316.144,385.421,-25.306,18.177,0.648,316.109
11.906,5335.384,384.157,-25.23,18.177,0.647,316.033
11.956,5354.56,382.898,-25.165,18.177,0.645,315.957
12.006,5373.673,381.641,-25.109,18.177,0.644,315.882
12.056,5392.724,380.387,-25.054,18.177,0.643,315.807
12.106,5411.712,379.136,-24.984,18.177,0.641,315.732
12.156,5430.638,377.888,-24.927,18.177,0.64,315.658
12.206,5449.501,376.643,-24.852,18.177,0.638,315.583
12.256,5468.302,375.403,-24.778,18.177,0.637,315.509
12.306,5487.041,374.166,-24.699,18.177,0.636,315.435
12.356,5505.719,372.933,-24.627,18.177,0.634,315.362
12.406,5524.335,371.703,-24.557,18.177,0.633,315.288
12.456,5542.889,370.477,-24.485,18.177,0.632,315.215
12.506,5561.382,369.255,-24.412,18.177,0.63,315.143
12.556,5579.815,368.036,-24.344,18.177,0.629,315.07
12.606,5598.186,366.82,-24.271,18.177,0.628,314.998
12.656,5616.497,365.608,-24.206,18.177,0.626,314.925
12.706,5634.747,364.4,-24.129,18.177,0.625,314.854
12.756,5652.937,363.195,-24.052,18.177,0.624,314.782
12.806,5671.066,361.995,-23.976,18.177,0.623,314.71
12.856,5689.136,360.798,-23.903,18.177,0.621,314.639
12.906,5707.146,359.604,-23.835,18.177,0.62,314.568
12.956,5725.097,358.415,-23.752,18.177,0.619,314.498
13.006,5742.988,357.229,-23.665,18.177,0.618,314.427
13.056,5760.82,356.048,-23.586,18.177,0.616,314.357
13.106,5778.593,354.871,-23.505,18.177,0.615,314.287
13.156,5796.307,353.697,-23.425,18.177,0.614,314.217
13.206,5813.962,352.528,-23.336,18.177,0.613,314.148
13.256,5831.56,351.363,-23.256,18.177,0.612,314.078
13.306,5849.099,350.203,-23.169,18.177,0.61,314.009
13.356,5866.58,349.047,-23.082,18.177,0.609,313.94
13.406,5884.004,347.895,-22.994,18.177,0.608,313.872
13.456,5901.37,346.747,-22.906,18.177,0.607,313.803
13.506,5918.678,345.604,-22.814,18.177,0.606,313.735
13.556,5935.93,344.466,-22.723,18.177,0.604,313.667
13.606,5953.125,343.332,-22.622,18.177,0.603,313.599
13.656,5970.263,342.203,-22.531,18.177,0.602,313.532
13.706,5987.345,341.079,-22.438,18.177,0.601,313.465
13.756,6004.371,339.959,-22.347,18.177,0.6,313.398
13.806,6021.341,338.844,-22.259,18.177,0.599,313.331
13.856,6038.256,337.733,-22.171,18.177,0.597,313.264
13.906,6055.115,336.627,-22.073,18.177,0.596,313.198
13.956,6071.919,335.526,-21.977,18.177,0.595,313.132
14.006,6088.667,334.43,-21.876,18.177,0.594,313.066
14.056,6105.362,333.339,-21.768,18.177,0.593,313
14.106,6122.001,332.253,-21.667,18.177,0.592,312.934
14.156,6138.587,331.172,-21.563,18.177,0.59,312.869
14.206,6155.119,330.097,-21.452,18.177,0.589,312.804
14.256,6171.597,329.027,-21.348,18.177,0.588,312.739
14.306,6188.021,327.962,-21.245,18.177,0.587,312.674
14.356,6204.393,326.902,-21.143,18.177,0.586,312.61
14.406,6220.712,325.848,-21.041,18.177,0.585,312.545
14.456,6236.978,324.798,-20.942,18.177,0.584,312.481
14.506,6253.192,323.754,-20.828,18.177,0.583,312.417
14.556,6269.353,322.715,-20.71,18.177,0.582,312.354
14.606,6285.463,321.683,-20.591,18.177,0.581,312.29
14.656,6301.522,320.656,-20.475,18.177,0.58,312.227
14.706,6317.529,319.635,-20.355,18.177,0.579,312.164
14.756,6333.485,318.62,-20.243,18.177,0.578,312.101
14.806,6349.391,317.611,-20.129,18.177,0.577,312.039
14.856,6365.247,316.607,-20.011,18.177,0.576,311.976
14.906,6381.052,315.61,-19.899,18.177,0.575,311.914
14.956,6396.808,314.618,-19.786,18.177,0.574,311.852
15.006,6412.514,313.631,-19.669,18.177,0.572,311.79
15.056,6428.171,312.651,-19.557,18.177,0.571,311.728
15.106,6443.779,311.675,-19.451,18.177,0.57,311.667
15.156,6459.338,310.705,-19.356,18.177,0.569,311.605
15.206,6474.85,309.74,-19.275,18.177,0.568,311.544
15.256,6490.312,308.778,-19.195,18.177,0.567,311.483
15.306,6505.727,307.82,-19.119,18.177,0.566,311.423
15.356,6521.095,306.866,-19.047,18.177,0.565,311.362
15.406,6536.414,305.915,-18.975,18.177,0.564,311.302
15.456,6551.686,304.968,-18.904,18.177,0.563,311.242
15.506,6566.911,304.025,-18.836,18.177,0.562,311.182
15.556,6582.089,303.085,-18.767,18.177,0.561,311.122
15.606,6597.219,302.148,-18.702,18.177,0.56,311.062
15.656,6612.303,301.215,-18.636,18.177,0.559,311.003
15.706,6627.341,300.284,-18.572,18.177,0.558,310.944
15.756,6642.332,299.357,-18.503,18.177,0.557,310.885
15.806,6657.277,298.434,-18.435,18.177,0.556,310.826
15.856,6672.175,297.514,-18.373,18.177,0.555,310.767
15.906,6687.028,296.597,-18.307,18.177,0.554,310.709
15.956,6701.835,295.683,-18.24,18.177,0.554,310.65
16.006,6716.597,294.773,-18.176,18.177,0.553,310.592
16.056,6731.313,293.866,-18.108,18.177,0.552,310.534
16.106,6745.983,292.962,-18.041,18.177,0.551,310.476
16.156,6760.609,292.062,-17.977,18.177,0.55,310.419
16.206,6775.189,291.164,-17.915,18.177,0.549,310.361
16.256,6789.725,290.27,-17.855,18.177,0.548,310.304
16.306,6804.216,289.379,-17.795,18.177,0.547,310.247
16.356,6818.663,288.49,-17.736,18.177,0.546,310.19
16.406,6833.066,287.605,-17.678,18.177,0.545,310.133
16.456,6847.424,286.723,-17.619,18.177,0.544,310.077
16.506,6861.738,285.843,-17.564,18.177,0.544,310.02
16.556,6876.008,284.966,-17.51,18.177,0.543,309.964
16.606,6890.235,284.092,-17.45,18.177,0.542,309.908
16.656,6904.417,283.221,-17.395,18.177,0.541,309.852
16.706,6918.557,282.353,-17.34,18.177,0.54,309.797
16.756,6932.653,281.487,-17.281,18.177,0.539,309.741
16.806,6946.705,280.624,-17.225,18.177,0.538,309.686
16.856,6960.715,279.765,-17.169,18.177,0.537,309.631
16.906,6974.682,278.908,-17.115,18.177,0.536,309.576
16.956,6988.606,278.053,-17.05,18.177,0.536,309.521
17.006,7002.487,277.203,-16.974,18.177,0.535,309.466
17.056,7016.326,276.356,-16.899,18.177,0.534,309.412
17.106,7030.123,275.513,-16.827,18.177,0.533,309.357
17.156,7043.878,274.673,-16.757,18.177,0.532,309.303
17.206,7057.59,273.837,-16.687,18.177,0.531,309.249
17.256,7071.261,273.004,-16.621,18.177,0.53,309.195
17.306,7084.891,272.175,-16.558,18.177,0.529,309.141
17.356,7098.479,271.349,-16.498,18.177,0.529,309.088
17.406,7112.026,270.525,-16.44,18.177,0.528,309.035
17.456,7125.532,269.705,-16.381,18.177,0.527,308.981
17.506,7138.996,268.887,-16.322,18.177,0.526,308.928
17.556,7152.42,268.073,-16.257,18.177,0.525,308.875
17.606,7165.804,267.261,-16.195,18.177,0.524,308.823
17.656,7179.146,266.453,-16.132,18.177,0.524,308.77
17.706,7192.449,265.648,-16.066,18.177,0.523,308.718
17.756,7205.711,264.846,-16.001,18.177,0.522,308.666
17.806,7218.934,264.048,-15.938,18.177,0.521,308.613
17.856,7232.116,263.253,-15.88,18.177,0.52,308.562
17.906,7245.259,262.46,-15.821,18.177,0.52,308.51
17.956,7258.362,261.67,-15.763,18.177,0.519,308.458
18.006,7271.426,260.884,-15.708,18.177,0.518,308.407
18.056,7284.451,260.1,-15.655,18.177,0.517,308.355
18.106,7297.436,259.318,-15.604,18.177,0.517,308.304
18.156,7310.383,258.539,-15.555,18.177,0.516,308.253
18.206,7323.29,257.763,-15.505,18.177,0.515,308.202
18.256,7336.159,256.989,-15.459,18.177,0.514,308.152
18.306,7348.989,256.217,-15.414,18.177,0.513,308.101
18.356,7361.781,255.447,-15.368,18.177,0.513,308.051
18.406,7374.534,254.68,-15.321,18.177,0.512,308.001
18.456,7387.249,253.915,-15.274,18.177,0.511,307.95
18.506,7399.925,253.153,-15.226,18.177,0.51,307.901
18.556,7412.564,252.393,-15.174,18.177,0.51,307.851
18.606,7425.165,251.635,-15.12,18.177,0.509,307.801
18.656,7437.727,250.881,-15.067,18.177,0.508,307.752
18.706,7450.253,250.129,-15.015,18.177,0.507,307.702
18.756,7462.74,249.379,-14.968,18.177,0.507,307.653
18.806,7475.191,248.632,-14.923,18.177,0.506,307.604
18.856,7487.604,247.887,-14.879,18.177,0.505,307.555
18.906,7499.979,247.144,-14.839,18.177,0.504,307.506
18.956,7512.318,246.403,-14.797,18.177,0.504,307.458
19.006,7524.62,245.664,-14.757,18.177,0.503,307.409
19.056,7536.884,244.927,-14.715,18.177,0.502,307.361
19.106,7549.112,244.192,-14.676,18.177,0.501,307.313
19.156,7561.304,243.46,-14.635,18.177,0.501,307.265
19.206,7573.458,242.729,-14.595,18.177,0.5,307.217
19.256,7585.577,242,-14.55,18.177,0.499,307.169
19.306,7597.658,241.274,-14.507,18.177,0.498,307.122
19.356,7609.704,240.549,-14.468,18.177,0.498,307.074
19.406,7621.713,239.827,-14.426,18.177,0.497,307.027
19.456,7633.687,239.107,-14.385,18.177,0.496,306.98
19.506,7645.624,238.389,-14.341,18.177,0.495,306.933
19.556,7657.526,237.673,-14.3,18.177,0.495,306.886
19.606,7669.391,236.959,-14.261,18.177,0.494,306.839
19.656,7681.221,236.246,-14.223,18.177,0.493,306.792
19.706,7693.016,235.536,-14.187,18.177,0.493,306.746
19.756,7704.775,234.828,-14.153,18.177,0.492,306.7
19.806,7716.499,234.121,-14.121,18.177,0.491,306.654
19.856,7728.187,233.416,-14.087,18.177,0.491,306.607
19.906,7739.84,232.712,-14.053,18.177,0.49,306.562
19.956,7751.458,232.01,-14.02,18.177,0.489,306.516
20.006,7763.041,231.31,-13.982,18.177,0.489,306.47
20.056,7774.59,230.612,-13.945,18.177,0.488,306.425
20.106,7786.103,229.916,-13.913,18.177,0.487,306.379
20.156,7797.581,229.221,-13.88,18.177,0.487,306.334
20.206,7809.025,228.528,-13.845,18.177,0.486,306.289
20.256,7820.434,227.836,-13.812,18.177,0.486,306.244
20.306,7831.809,227.147,-13.775,18.177,0.485,306.199
20.356,7843.149,226.459,-13.743,18.177,0.484,306.155
20.406,7854.454,225.772,-13.707,18.177,0.484,306.11
20.456,7865.726,225.088,-13.675,18.177,0.483,306.066
20.506,7876.963,224.405,-13.641,18.177,0.482,306.021
20.556,7888.166,223.724,-13.606,18.177,0.482,305.977
20.606,7899.336,223.044,-13.573,18.177,0.481,305.933
20.656,7910.471,222.366,-13.542,18.177,0.48,305.889
20.706,7921.572,221.69,-13.512,18.177,0.48,305.846
20.756,7932.64,221.015,-13.483,18.177,0.479,305.802
20.806,7943.674,220.342,-13.456,18.177,0.478,305.759
20.856,7954.674,219.67,-13.428,18.177,0.478,305.715
20.906,7965.641,218.999,-13.398,18.177,0.477,305.672
20.956,7976.574,218.33,-13.367,18.177,0.477,305.629
21.006,7987.474,217.662,-13.336,18.177,0.476,305.586
21.056,7998.34,216.996,-13.306,18.177,0.475,305.543
21.106,8009.173,216.331,-13.278,18.177,0.475,305.501
21.156,8019.973,215.668,-13.245,18.177,0.474,305.458
21.206,8030.74,215.007,-13.216,18.177,0.473,305.416
21.256,8041.474,214.347,-13.188,18.177,0.473,305.373
21.306,8052.175,213.688,-13.158,18.177,0.472,305.331
21.356,8062.843,213.031,-13.13,18.177,0.472,305.289
21.406,8073.478,212.375,-13.103,18.177,0.471,305.247
21.456,8084.081,211.721,-13.078,18.177,0.47,305.206
21.506,8094.65,211.067,-13.051,18.177,0.47,305.164
21.556,8105.187,210.416,-13.024,18.177,0.469,305.122
21.606,8115.692,209.765,-12.997,18.177,0.468,305.081
21.656,8126.164,209.116,-12.974,18.177,0.468,305.04
21.706,8136.603,208.468,-12.948,18.177,0.467,304.999
21.756,8147.011,207.821,-12.923,18.177,0.467,304.958
21.806,8157.385,207.175,-12.9,18.177,0.466,304.917
21.856,8167.728,206.531,-12.878,18.177,0.465,304.876
21.906,8178.039,205.888,-12.853,18.177,0.465,304.836
21.956,8188.317,205.246,-12.828,18.177,0.464,304.795
22.006,8198.563,204.605,-12.803,18.177,0.464,304.755
22.056,8208.777,203.965,-12.779,18.177,0.463,304.714
22.106,8218.96,203.327,-12.756,18.177,0.463,304.674
22.156,8229.11,202.69,-12.731,18.177,0.462,304.634
22.206,8239.229,202.054,-12.704,18.177,0.462,304.594
22.256,8249.316,201.419,-12.676,18.177,0.461,304.555
22.306,8259.371,200.786,-12.651,18.177,0.461,304.515
22.356,8269.394,200.154,-12.625,18.177,0.46,304.476
22.406,8279.386,199.524,-12.599,18.177,0.459,304.436
22.456,8289.347,198.894,-12.577,18.177,0.459,304.397
22.506,8299.276,198.266,-12.553,18.177,0.458,304.358
22.556,8309.173,197.639,-12.529,18.177,0.458,304.319
22.606,8319.039,197.013,-12.507,18.177,0.457,304.28
22.656,8328.874,196.388,-12.483,18.177,0.457,304.241
22.706,8338.678,195.765,-12.46,18.177,0.456,304.203
22.756,8348.451,195.142,-12.439,18.177,0.456,304.164
22.806,8358.193,194.521,-12.419,18.177,0.455,304.126
22.856,8367.903,193.9,-12.4,18.177,0.455,304.088
22.906,8377.583,193.281,-12.379,18.177,0.454,304.05
22.956,8387.231,192.662,-12.358,18.177,0.454,304.012
23.006,8396.849,192.045,-12.341,18.177,0.453,303.974
23.056,8406.436,191.428,-12.323,18.177,0.452,303.936
23.106,8415.992,190.813,-12.303,18.177,0.452,303.898
23.156,8425.517,190.198,-12.286,18.177,0.451,303.861
23.206,8435.012,189.584,-12.266,18.177,0.451,303.823
23.256,8444.475,188.971,-12.243,18.177,0.45,303.786
23.306,8453.909,188.36,-12.226,18.177,0.45,303.749
23.356,8463.311,187.749,-12.203,18.177,0.449,303.712
23.406,8472.684,187.139,-12.181,18.177,0.449,303.675
23.456,8482.025,186.531,-12.162,18.177,0.448,303.638
23.506,8491.337,185.923,-12.139,18.177,0.448,303.601
23.556,8500.618,185.317,-12.117,18.177,0.447,303.565
23.606,8509.868,184.712,-12.095,18.177,0.447,303.528
23.656,8519.089,184.107,-12.074,18.177,0.446,303.492
23.706,8528.279,183.504,-12.055,18.177,0.446,303.456
23.756,8537.439,182.902,-12.035,18.177,0.445,303.42
23.806,8546.569,182.301,-12.015,18.177,0.445,303.384
23.856,8555.669,181.7,-11.998,18.177,0.444,303.348
23.906,8564.739,181.101,-11.98,18.177,0.444,303.312
23.956,8573.779,180.502,-11.964,18.177,0.443,303.277
24.006,8582.79,179.904,-11.948,18.177,0.443,303.241
24.056,8591.77,179.307,-11.932,18.177,0.442,303.206
24.106,8600.72,178.711,-11.915,18.177,0.442,303.171
24.156,8609.641,178.116,-11.9,18.177,0.441,303.135
24.206,8618.532,177.521,-11.881,18.177,0.441,303.1
24.256,8627.393,176.928,-11.862,18.177,0.44,303.066
24.306,8636.225,176.335,-11.844,18.177,0.44,303.031
24.356,8645.027,175.743,-11.827,18.177,0.439,302.996
24.406,8653.799,175.152,-11.809,18.177,0.439,302.961
24.456,8662.542,174.562,-11.791,18.177,0.438,302.927
24.506,8671.255,173.973,-11.774,18.177,0.438,302.893
24.556,8679.939,173.385,-11.757,18.177,0.437,302.859
24.606,8688.594,172.798,-11.74,18.177,0.437,302.824
24.656,8697.219,172.211,-11.722,18.177,0.437,302.79
24.706,8705.815,171.626,-11.704,18.177,0.436,302.757
24.756,8714.382,171.041,-11.688,18.177,0.436,302.723
24.806,8722.919,170.457,-11.674,18.177,0.435,302.689
24.856,8731.427,169.873,-11.658,18.177,0.435,302.656
24.906,8739.906,169.291,-11.643,18.177,0.434,302.622
24.956,8748.356,168.709,-11.627,18.177,0.434,302.589
25.006,8756.777,168.128,-11.61,18.177,0.433,302.556
25.056,8765.169,167.548,-11.595,18.177,0.433,302.523
25.106,8773.532,166.969,-11.582,18.177,0.433,302.49
25.156,8781.866,166.39,-11.567,18.177,0.432,302.457
25.206,8790.171,165.812,-11.553,18.177,0.432,302.424
25.256,8798.447,165.235,-11.538,18.177,0.431,302.392
25.306,8806.695,164.658,-11.526,18.177,0.431,302.359
25.356,8814.913,164.082,-11.511,18.177,0.43,302.327
25.406,8823.103,163.507,-11.494,18.177,0.43,302.295
25.456,8831.264,162.933,-11.481,18.177,0.43,302.262
25.506,8839.396,162.359,-11.468,18.177,0.429,302.23
25.556,8847.5,161.786,-11.452,18.177,0.429,302.199
25.606,8855.575,161.214,-11.436,18.177,0.428,302.167
25.656,8863.621,160.642,-11.42,18.177,0.428,302.135
25.706,8871.639,160.072,-11.405,18.177,0.427,302.103
25.756,8879.628,159.502,-11.391,18.177,0.427,302.072
25.806,8887.589,158.933,-11.375,18.177,0.427,302.041
25.856,8895.522,158.364,-11.359,18.177,0.426,302.009
25.906,8903.426,157.797,-11.346,18.177,0.426,301.978
25.956,8911.301,157.23,-11.332,18.177,0.425,301.947
26.006,8919.149,156.664,-11.318,18.177,0.425,301.916
26.056,8926.968,156.098,-11.304,18.177,0.425,301.885
26.106,8934.759,155.533,-11.29,18.177,0.424,301.855
26.156,8942.521,154.969,-11.276,18.177,0.424,301.824
26.206,8950.255,154.406,-11.265,18.177,0.423,301.794
26.256,8957.962,153.843,-11.252,18.177,0.423,301.763
26.306,8965.64,153.28,-11.241,18.177,0.423,301.733
26.356,8973.29,152.719,-11.228,18.177,0.422,301.703
26.406,8980.912,152.157,-11.216,18.177,0.422,301.673
26.456,8988.505,151.597,-11.204,18.177,0.421,301.643
26.506,8996.071,151.037,-11.193,18.177,0.421,301.613
26.556,9003.609,150.478,-11.184,18.177,0.421,301.584
26.606,9011.119,149.919,-11.171,18.177,0.42,301.554
26.656,9018.601,149.36,-11.165,18.177,0.42,301.525
26.706,9026.055,148.802,-11.156,18.177,0.419,301.495
26.756,9033.481,148.245,-11.145,18.177,0.419,301.466
26.806,9040.88,147.688,-11.134,18.177,0.419,301.437
26.856,9048.25,147.131,-11.123,18.177,0.418,301.408
26.906,9055.593,146.575,-11.11,18.177,0.418,301.379
26.956,9062.908,146.02,-11.096,18.177,0.417,301.35
27.006,9070.195,145.466,-11.084,18.177,0.417,301.321
27.056,9077.454,144.912,-11.07,18.177,0.417,301.293
27.106,9084.686,144.359,-11.059,18.177,0.416,301.264
27.156,9091.89,143.806,-11.045,18.177,0.416,301.236
27.206,9099.067,143.254,-11.033,18.177,0.416,301.208
27.256,9106.216,142.703,-11.021,18.177,0.415,301.179
27.306,9113.337,142.152,-11.011,18.177,0.415,301.151
27.356,9120.431,141.602,-10.998,18.177,0.414,301.123
27.406,9127.497,141.052,-10.987,18.177,0.414,301.096
27.456,9134.536,140.503,-10.973,18.177,0.414,301.068
27.506,9141.547,139.955,-10.96,18.177,0.413,301.04
27.556,9148.531,139.407,-10.946,18.177,0.413,301.013
27.606,9155.488,138.86,-10.934,18.177,0.413,300.985
27.656,9162.417,138.314,-10.922,18.177,0.412,300.958
27.706,9169.32,137.768,-10.911,18.177,0.412,300.931
27.756,9176.194,137.223,-10.9,18.177,0.412,300.904
27.806,9183.042,136.678,-10.891,18.177,0.411,300.877
27.856,9189.862,136.134,-10.88,18.177,0.411,300.85
27.906,9196.655,135.59,-10.871,18.177,0.411,300.823
27.956,9203.421,135.047,-10.86,18.177,0.41,300.797
28.006,9210.16,134.504,-10.85,18.177,0.41,300.77
28.056,9216.872,133.962,-10.84,18.177,0.41,300.744
28.106,9223.556,133.42,-10.83,18.177,0.409,300.717
28.156,9230.214,132.879,-10.82,18.177,0.409,300.691
28.206,9236.844,132.338,-10.81,18.177,0.409,300.665
28.256,9243.447,131.798,-10.799,18.177,0.408,300.639
28.306,9250.024,131.258,-10.789,18.177,0.408,300.613
28.356,9256.573,130.719,-10.779,18.177,0.408,300.587
28.406,9263.096,130.18,-10.769,18.177,0.407,300.561
28.456,9269.591,129.642,-10.762,18.177,0.407,300.536
28.506,9276.06,129.104,-10.753,18.177,0.407,300.51
28.556,9282.502,128.567,-10.743,18.177,0.406,300.485
28.606,9288.916,128.03,-10.734,18.177,0.406,300.46
28.656,9295.305,127.493,-10.725,18.177,0.406,300.435
28.706,9301.666,126.957,-10.716,18.177,0.405,300.41
28.756,9308,126.421,-10.707,18.177,0.405,300.385
28.806,9314.308,125.886,-10.699,18.177,0.405,300.36
28.856,9320.589,125.352,-10.692,18.177,0.404,300.335
28.906,9326.843,124.817,-10.682,18.177,0.404,300.31
28.956,9333.071,124.283,-10.674,18.177,0.404,300.286
29.006,9339.271,123.75,-10.666,18.177,0.403,300.261
29.056,9345.446,123.217,-10.658,18.177,0.403,300.237
29.106,9351.593,122.684,-10.648,18.177,0.403,300.213
29.156,9357.714,122.152,-10.643,18.177,0.403,300.189
29.206,9363.808,121.62,-10.637,18.177,0.402,300.165
29.256,9369.876,121.088,-10.632,18.177,0.402,300.141
29.306,9375.917,120.557,-10.624,18.177,0.402,300.117
29.356,9381.932,120.026,-10.624,18.177,0.401,300.093
29.406,9387.92,119.495,-10.616,18.177,0.401,300.07
29.456,9393.881,118.964,-10.611,18.177,0.401,300.046
29.506,9399.816,118.434,-10.601,18.177,0.4,300.023
29.556,9405.725,117.904,-10.59,18.177,0.4,300
29.606,9411.606,117.375,-10.581,18.177,0.4,299.976
29.656,9417.462,116.846,-10.569,18.177,0.4,299.953
29.706,9423.291,116.318,-10.558,18.177,0.399,299.93
29.756,9429.094,115.79,-10.547,18.177,0.399,299.908
29.806,9434.87,115.263,-10.537,18.177,0.399,299.885
29.856,9440.62,114.736,-10.528,18.177,0.398,299.862
29.906,9446.344,114.21,-10.522,18.177,0.398,299.84
29.956,9452.041,113.684,-10.514,18.177,0.398,299.817
30.006,9457.712,113.159,-10.505,18.177,0.398,299.795
30.056,9463.357,112.634,-10.498,18.177,0.397,299.773
30.106,9468.976,112.109,-10.489,18.177,0.397,299.751
30.156,9474.568,111.585,-10.481,18.177,0.397,299.728
30.206,9480.134,111.061,-10.471,18.177,0.396,299.707
30.256,9485.674,110.538,-10.462,18.177,0.396,299.685
30.306,9491.188,110.015,-10.453,18.177,0.396,299.663
30.356,9496.675,109.492,-10.443,18.177,0.396,299.641
30.406,9502.137,108.97,-10.435,18.177,0.395,299.62
30.456,9507.572,108.449,-10.429,18.177,0.395,299.598
30.506,9512.982,107.927,-10.421,18.177,0.395,299.577
30.556,9518.365,107.407,-10.414,18.177,0.394,299.556
30.606,9523.723,106.886,-10.406,18.177,0.394,299.535
30.656,9529.054,106.366,-10.399,18.177,0.394,299.514
30.706,9534.359,105.846,-10.392,18.177,0.394,299.493
30.756,9539.638,105.327,-10.385,18.177,0.393,299.472
30.806,9544.892,104.808,-10.379,18.177,0.393,299.451
30.856,9550.119,104.289,-10.372,18.177,0.393,299.431
30.906,9555.321,103.77,-10.366,18.177,0.393,299.41
30.956,9560.496,103.252,-10.361,18.177,0.392,299.39
31.006,9565.646,102.734,-10.355,18.177,0.392,299.37
31.056,9570.77,102.217,-10.351,18.177,0.392,299.35
31.106,9575.868,101.699,-10.343,18.177,0.392,299.329
31.156,9580.94,101.182,-10.338,18.177,0.391,299.309
31.206,9585.986,100.666,-10.335,18.177,0.391,299.29
31.256,9591.006,100.149,-10.329,18.177,0.391,299.27
31.306,9596.001,99.633,-10.324,18.177,0.391,299.25
31.356,9600.97,99.117,-10.319,18.177,0.39,299.231
31.406,9605.912,98.601,-10.316,18.177,0.39,299.211
31.456,9610.83,98.085,-10.31,18.177,0.39,299.192
31.506,9615.721,97.57,-10.302,18.177,0.39,299.172
31.556,9620.587,97.055,-10.297,18.177,0.389,299.153
31.606,9625.426,96.54,-10.29,18.177,0.389,299.134
31.656,9630.241,96.026,-10.285,18.177,0.389,299.115
31.706,9635.029,95.512,-10.28,18.177,0.389,299.096
31.756,9639.792,94.998,-10.278,18.177,0.388,299.078
31.806,9644.529,94.484,-10.275,18.177,0.388,299.059
31.856,9649.24,93.97,-10.27,18.177,0.388,299.04
31.906,9653.926,93.457,-10.266,18.177,0.388,299.022
31.956,9658.586,92.944,-10.263,18.177,0.387,299.004
32.006,9663.22,92.431,-10.257,18.177,0.387,298.985
32.056,9667.829,91.918,-10.252,18.177,0.387,298.967
32.106,9672.412,91.405,-10.249,18.177,0.387,298.949
32.156,9676.969,90.893,-10.243,18.177,0.387,298.931
32.206,9681.501,90.381,-10.236,18.177,0.386,298.913
32.256,9686.008,89.869,-10.227,18.177,0.386,298.896
32.306,9690.488,89.358,-10.219,18.177,0.386,298.878
32.356,9694.943,88.848,-10.211,18.177,0.386,298.86
32.406,9699.373,88.337,-10.202,18.177,0.386,298.843
32.456,9703.777,87.827,-10.194,18.177,0.385,298.826
32.506,9708.156,87.318,-10.191,18.177,0.385,298.808
32.556,9712.509,86.808,-10.183,18.177,0.385,298.791
32.606,9716.837,86.299,-10.176,18.177,0.385,298.774
32.656,9721.139,85.791,-10.17,18.177,0.384,298.757
32.706,9725.416,85.282,-10.164,18.177,0.384,298.74
32.756,9729.667,84.774,-10.156,18.177,0.384,298.724
32.806,9733.893,84.267,-10.149,18.177,0.384,298.707
32.856,9738.094,83.76,-10.143,18.177,0.384,298.69
32.906,9742.269,83.253,-10.136,18.177,0.383,298.674
32.956,9746.419,82.746,-10.131,18.177,0.383,298.658
33.006,9750.544,82.239,-10.126,18.177,0.383,298.641
33.056,9754.643,81.733,-10.121,18.177,0.383,298.625
33.106,9758.717,81.227,-10.117,18.177,0.383,298.609
33.156,9762.766,80.722,-10.111,18.177,0.383,298.593
33.206,9766.789,80.216,-10.107,18.177,0.382,298.577
33.256,9770.787,79.711,-10.103,18.177,0.382,298.562
33.306,9774.76,79.206,-10.098,18.177,0.382,298.546
33.356,9778.708,78.701,-10.093,18.177,0.382,298.53
33.406,9782.63,78.197,-10.089,18.177,0.382,298.515
33.456,9786.528,77.692,-10.083,18.177,0.381,298.5
33.506,9790.4,77.188,-10.078,18.177,0.381,298.484
33.556,9794.246,76.684,-10.074,18.177,0.381,298.469
33.606,9798.068,76.181,-10.07,18.177,0.381,298.454
33.656,9801.865,75.677,-10.065,18.177,0.381,298.439
33.706,9805.636,75.174,-10.06,18.177,0.381,298.424
33.756,9809.382,74.671,-10.058,18.177,0.38,298.41
33.806,9813.103,74.169,-10.055,18.177,0.38,298.395
33.856,9816.799,73.666,-10.052,18.177,0.38,298.38
33.906,9820.47,73.163,-10.048,18.177,0.38,298.366
33.956,9824.115,72.661,-10.045,18.177,0.38,298.352
34.006,9827.736,72.159,-10.041,18.177,0.379,298.337
34.056,9831.331,71.657,-10.036,18.177,0.379,298.323
34.106,9834.901,71.155,-10.031,18.177,0.379,298.309
34.156,9838.447,70.654,-10.027,18.177,0.379,298.295
34.206,9841.967,70.153,-10.025,18.177,0.379,298.281
34.256,9845.462,69.651,-10.02,18.177,0.379,298.268
34.306,9848.932,69.15,-10.017,18.177,0.378,298.254
34.356,9852.377,68.65,-10.015,18.177,0.378,298.24
34.406,9855.797,68.149,-10.011,18.177,0.378,298.227
34.456,9859.192,67.648,-10.008,18.177,0.378,298.213
34.506,9862.562,67.148,-10.003,18.177,0.378,298.2
34.556,9865.907,66.648,-10.001,18.177,0.378,298.187
34.606,9869.227,66.148,-9.996,18.177,0.377,298.174
34.656,9872.521,65.649,-9.989,18.177,0.377,298.161
34.706,9875.791,65.149,-9.985,18.177,0.377,298.148
34.756,9879.036,64.65,-9.982,18.177,0.377,298.135
34.806,9882.256,64.151,-9.981,18.177,0.377,298.123
34.856,9885.451,63.652,-9.977,18.177,0.377,298.11
34.906,9888.622,63.153,-9.974,18.177,0.377,298.098
34.956,9891.767,62.655,-9.972,18.177,0.376,298.085
35.006,9894.887,62.156,-9.971,18.177,0.376,298.073
35.056,9897.982,61.658,-9.967,18.177,0.376,298.061
35.106,9901.053,61.159,-9.965,18.177,0.376,298.049
35.156,9904.098,60.661,-9.96,18.177,0.376,298.037
35.206,9907.119,60.163,-9.956,18.177,0.376,298.025
35.256,9910.115,59.665,-9.954,18.177,0.376,298.013
35.306,9913.085,59.168,-9.95,18.177,0.375,298.001
35.356,9916.031,58.67,-9.947,18.177,0.375,297.99
35.406,9918.953,58.173,-9.944,18.177,0.375,297.978
35.456,9921.849,57.676,-9.941,18.177,0.375,297.967
35.506,9924.72,57.179,-9.936,18.177,0.375,297.955
35.556,9927.567,56.682,-9.933,18.177,0.375,297.944
35.606,9930.388,56.186,-9.933,18.177,0.375,297.933
35.656,9933.185,55.689,-9.929,18.177,0.374,297.922
35.706,9935.957,55.193,-9.926,18.177,0.374,297.911
35.756,9938.705,54.697,-9.923,18.177,0.374,297.9
35.806,9941.427,54.2,-9.922,18.177,0.374,297.89
35.856,9944.125,53.704,-9.918,18.177,0.374,297.879
35.906,9946.797,53.209,-9.916,18.177,0.374,297.868
35.956,9949.445,52.713,-9.912,18.177,0.374,297.858
36.006,9952.069,52.217,-9.91,18.177,0.374,297.848
36.056,9954.667,51.722,-9.908,18.177,0.373,297.837
36.106,9957.241,51.226,-9.91,18.177,0.373,297.827
36.156,9959.79,50.731,-9.908,18.177,0.373,297.817
36.206,9962.314,50.236,-9.906,18.177,0.373,297.807
36.256,9964.813,49.74,-9.904,18.177,0.373,297.797
36.306,9967.288,49.245,-9.899,18.177,0.373,297.788
36.356,9969.738,48.75,-9.892,18.177,0.373,297.778
36.406,9972.163,48.256,-9.888,18.177,0.373,297.768
36.456,9974.563,47.762,-9.886,18.177,0.372,297.759
36.506,9976.939,47.267,-9.884,18.177,0.372,297.75
36.556,9979.29,46.773,-9.88,18.177,0.372,297.74
36.606,9981.617,46.279,-9.877,18.177,0.372,297.731
36.656,9983.918,45.786,-9.874,18.177,0.372,297.722
36.706,9986.195,45.292,-9.872,18.177,0.372,297.713
36.756,9988.447,44.798,-9.869,18.177,0.372,297.704
36.806,9990.675,44.305,-9.865,18.177,0.372,297.696
36.856,9992.878,43.812,-9.864,18.177,0.372,297.687
36.906,9995.056,43.319,-9.864,18.177,0.372,297.678
36.956,9997.21,42.825,-9.861,18.177,0.371,297.67
37.006,9999.339,42.332,-9.857,18.177,0.371,297.661
37.056,1e4,41.84,-9.853,18.177,0.371,297.653
37.106,1e4,41.347,-9.851,18.177,0.371,297.645
37.156,1.001e4,40.855,-9.848,18.177,0.371,297.637
37.206,1.001e4,40.362,-9.845,18.177,0.371,297.629
37.256,1.001e4,39.87,-9.841,18.177,0.371,297.621
37.306,1.001e4,39.378,-9.838,18.177,0.371,297.613
37.356,1.001e4,38.886,-9.836,18.177,0.371,297.605
37.406,1.002e4,38.395,-9.834,18.177,0.371,297.598
37.456,1.002e4,37.903,-9.832,18.177,0.37,297.59
37.506,1.002e4,37.411,-9.829,18.177,0.37,297.583
37.556,1.002e4,36.92,-9.825,18.177,0.37,297.576
37.606,1.002e4,36.429,-9.824,18.177,0.37,297.568
37.656,1.002e4,35.938,-9.822,18.177,0.37,297.561
37.706,1.003e4,35.447,-9.821,18.177,0.37,297.554
37.756,1.003e4,34.956,-9.818,18.177,0.37,297.547
37.806,1.003e4,34.465,-9.814,18.177,0.37,297.54
37.856,1.003e4,33.974,-9.812,18.177,0.37,297.534
37.906,1.003e4,33.484,-9.81,18.177,0.37,297.527
37.956,1.004e4,32.993,-9.808,18.177,0.37,297.52
38.006,1.004e4,32.503,-9.807,18.177,0.37,297.514
38.056,1.004e4,32.013,-9.805,18.177,0.369,297.508
38.106,1.004e4,31.522,-9.803,18.177,0.369,297.501
38.156,1.004e4,31.032,-9.802,18.177,0.369,297.495
38.206,1.004e4,30.542,-9.801,18.177,0.369,297.489
38.256,1.004e4,30.052,-9.802,18.177,0.369,297.483
38.306,1.005e4,29.562,-9.8,18.177,0.369,297.477
38.356,1.005e4,29.072,-9.799,18.177,0.369,297.472
38.406,1.005e4,28.582,-9.797,18.177,0.369,297.466
38.456,1.005e4,28.092,-9.794,18.177,0.369,297.46
38.506,1.005e4,27.603,-9.793,18.177,0.369,297.455
38.556,1.005e4,27.113,-9.792,18.177,0.369,297.449
38.606,1.005e4,26.623,-9.791,18.177,0.369,297.444
38.656,1.006e4,26.134,-9.789,18.177,0.369,297.439
38.706,1.006e4,25.644,-9.788,18.177,0.369,297.434
38.756,1.006e4,25.155,-9.785,18.177,0.368,297.429
38.806,1.006e4,24.666,-9.783,18.177,0.368,297.424
38.856,1.006e4,24.177,-9.779,18.177,0.368,297.419
38.906,1.006e4,23.688,-9.779,18.177,0.368,297.414
38.956,1.006e4,23.199,-9.779,18.177,0.368,297.41
39.006,1.006e4,22.71,-9.775,18.177,0.368,297.405
39.056,1.007e4,22.222,-9.772,18.177,0.368,297.401
39.106,1.007e4,21.733,-9.771,18.177,0.368,297.397
39.156,1.007e4,21.244,-9.77,18.177,0.368,297.392
39.206,1.007e4,20.756,-9.767,18.177,0.368,297.388
39.256,1.007e4,20.268,-9.764,18.177,0.368,297.384
39.306,1.007e4,19.78,-9.763,18.177,0.368,297.38
39.356,1.007e4,19.291,-9.761,18.177,0.368,297.376
39.406,1.007e4,18.803,-9.76,18.177,0.368,297.373
39.456,1.007e4,18.315,-9.76,18.177,0.368,297.369
39.506,1.007e4,17.827,-9.756,18.177,0.368,297.365
39.556,1.008e4,17.34,-9.755,18.177,0.368,297.362
39.606,1.008e4,16.852,-9.755,18.177,0.368,297.359
39.656,1.008e4,16.364,-9.75,18.177,0.368,297.355
39.706,1.008e4,15.877,-9.747,18.177,0.368,297.352
39.756,1.008e4,15.39,-9.743,18.177,0.368,297.349
39.806,1.008e4,14.902,-9.744,18.177,0.367,297.346
39.856,1.008e4,14.415,-9.741,18.177,0.367,297.343
39.906,1.008e4,13.928,-9.74,18.177,0.367,297.34
39.956,1.008e4,13.441,-9.737,18.177,0.367,297.338
40.006,1.008e4,12.955,-9.73,18.177,0.367,297.335
40.056,1.008e4,12.468,-9.725,18.177,0.367,297.333
40.106,1.008e4,11.982,-9.719,18.177,0.367,297.33
40.156,1.008e4,11.496,-9.721,18.177,0.367,297.328
40.206,1.008e4,11.01,-9.72,18.177,0.367,297.326
40.256,1.009e4,10.524,-9.718,18.177,0.367,297.324
40.306,1.009e4,10.038,-9.716,18.177,0.367,297.321
40.356,1.009e4,9.553,-9.709,18.177,0.367,297.32
40.406,1.009e4,9.067,-9.703,18.177,0.367,297.318
40.456,1.009e4,8.582,-9.698,18.177,0.367,297.316
40.506,1.009e4,8.098,-9.696,18.177,0.367,297.314
40.556,1.009e4,7.613,-9.684,18.177,0.367,297.313
40.606,1.009e4,7.129,-9.678,18.177,0.367,297.311
40.656,1.009e4,6.645,-9.929,18.177,0.367,297.31
40.757,1.009e4,5.645,-9.897,18.177,0.367,297.308
40.858,1.009e4,4.646,-9.87,18.177,0.367,297.306
40.959,1.009e4,3.646,-9.841,18.177,0.367,297.304
41.061,1.009e4,2.646,-9.817,18.177,0.367,297.303
41.162,1.009e4,1.647,-9.792,18.177,0.367,297.302
41.264,1.009e4,0.647,-9.772,18.177,0.367,297.301
41.331,1.009e4,0,-9.759,18.177,0.367,297.301
41.332,1.009e4,-0.01,-9.759,18.177,0.367,297.301
41.434,1.009e4,-1.01,-9.739,18.177,0.367,297.301
41.537,1.009e4,-2.009,-9.719,18.177,0.367,297.302
41.64,1.009e4,-3.009,-9.697,18.177,0.367,297.303
41.743,1.009e4,-4.009,-9.675,18.177,0.367,297.304
41.846,1.009e4,-5.009,-9.652,18.177,0.367,297.306
41.95,1.009e4,-6.009,-9.624,18.177,0.367,297.309
42.054,1.009e4,-7.008,-9.595,18.177,0.367,297.311
42.158,1.009e4,-8.008,-9.563,18.177,0.367,297.314
42.262,1.009e4,-9.008,-9.525,18.177,0.367,297.318
42.367,1.009e4,-10.007,-9.48,18.177,0.367,297.322
42.473,1.008e4,-11.007,-9.441,18.177,0.367,297.326
42.579,1.008e4,-12.007,-9.38,18.177,0.367,297.331
42.685,1.008e4,-13.006,-9.314,18.177,0.367,297.336
42.792,1.008e4,-14.005,-9.262,18.177,0.367,297.342
42.9,1.008e4,-15.004,-9.204,18.177,0.367,297.348
43.009,1.008e4,-16.004,-9.142,18.177,0.368,297.355
43.118,1.008e4,-17.003,-9.072,18.177,0.368,297.362
43.228,1.007e4,-18.001,-9.011,18.177,0.368,297.369
43.339,1.007e4,-19,-8.943,18.177,0.368,297.377
43.451,1.007e4,-19.999,-8.869,18.177,0.368,297.386
43.563,1.007e4,-20.998,-8.792,18.177,0.368,297.395
43.677,1.006e4,-21.997,-8.711,18.177,0.368,297.405
43.792,1.006e4,-22.996,-8.621,18.177,0.368,297.415
43.908,1.006e4,-23.995,-8.532,18.177,0.368,297.426
44.025,1.006e4,-24.994,-8.429,18.177,0.369,297.437
44.143,1.005e4,-25.992,-8.307,18.177,0.369,297.449
44.263,1.005e4,-26.99,-8.212,18.177,0.369,297.461
44.385,1.005e4,-27.989,-8.1,18.177,0.369,297.474
44.508,1.004e4,-28.987,-7.995,18.177,0.369,297.488
44.633,1.004e4,-29.985,-7.877,18.177,0.369,297.503
44.76,1.004e4,-30.983,-7.755,18.177,0.37,297.518
44.888,1.003e4,-31.981,-7.63,18.177,0.37,297.534
45.019,1.003e4,-32.978,-7.497,18.177,0.37,297.551
45.152,1.002e4,-33.976,-7.356,18.177,0.37,297.568
45.288,1.002e4,-34.973,-7.215,18.177,0.37,297.587
45.426,1.001e4,-35.97,-7.066,18.177,0.371,297.606
45.567,1.001e4,-36.967,-6.927,18.177,0.371,297.626
45.711,1e4,-37.963,-6.774,18.177,0.371,297.647
45.858,9997.227,-38.96,-6.61,18.177,0.371,297.67
46.008,9991.284,-39.955,-6.442,18.177,0.372,297.693
46.163,9985.039,-40.95,-6.286,18.177,0.372,297.718
46.321,9978.477,-41.945,-6.108,18.177,0.372,297.744
46.484,9971.572,-42.939,-5.927,18.177,0.373,297.771
46.651,9964.298,-43.931,-5.749,18.177,0.373,297.799
46.824,9956.632,-44.923,-5.564,18.177,0.373,297.83
47.002,9948.544,-45.914,-5.38,18.177,0.374,297.861
47.186,9939.999,-46.905,-5.197,18.177,0.374,297.895
47.377,9930.959,-47.896,-5.002,18.177,0.375,297.931
47.575,9921.375,-48.887,-4.816,18.177,0.375,297.969
47.781,9911.191,-49.88,-4.604,18.177,0.376,298.009
47.996,9900.346,-50.871,-4.383,18.177,0.376,298.051
48.222,9888.772,-51.859,-4.168,18.177,0.377,298.097
48.458,9876.382,-52.845,-3.949,18.177,0.377,298.146
48.708,9863.07,-53.831,-3.719,18.177,0.378,298.198
48.972,9848.728,-54.812,-3.492,18.177,0.378,298.255
49.253,9833.19,-55.794,-3.257,18.177,0.379,298.316
49.553,9816.269,-56.773,-3.011,18.177,0.38,298.383
49.877,9797.771,-57.745,-2.763,18.177,0.381,298.455
50.226,9777.396,-58.712,-2.515,18.177,0.382,298.536
50.61,9754.695,-59.677,-2.259,18.177,0.383,298.625
51.035,9729.153,-60.636,-1.995,18.177,0.384,298.726
51.511,9700.03,-61.586,-1.72,18.177,0.385,298.84
52.011,9669.022,-62.446,-1.472,18.177,0.387,298.963
52.511,9637.615,-63.182,-1.245,18.177,0.388,299.086
53.011,9605.869,-63.805,-1.048,18.177,0.39,299.211
53.511,9573.835,-64.328,-0.873,18.177,0.392,299.337
54.011,9541.562,-64.765,-0.714,18.177,0.393,299.465
54.511,9509.09,-65.122,-0.575,18.177,0.395,299.593
55.011,9476.458,-65.409,-0.46,18.177,0.397,299.721
55.511,9443.696,-65.639,-0.357,18.177,0.398,299.85
56.011,9410.831,-65.818,-0.261,18.177,0.4,299.98
56.511,9377.889,-65.949,-0.186,18.177,0.402,300.109
57.011,9344.892,-66.042,-0.121,18.177,0.403,300.239
57.511,9311.856,-66.102,-0.065,18.177,0.405,300.369
58.011,9278.797,-66.135,-0.019,18.177,0.406,300.5
58.511,9245.727,-66.144,0.022,18.177,0.408,300.63
59.011,9212.657,-66.133,0.059,18.177,0.41,300.76
59.511,9179.598,-66.104,0.088,18.177,0.411,300.89
60.011,9146.558,-66.059,0.114,18.177,0.413,301.021
60.511,9113.542,-66.002,0.14,18.177,0.415,301.151
61.011,9080.558,-65.932,0.162,18.177,0.416,301.28
61.511,9047.612,-65.852,0.177,18.177,0.418,301.41
62.011,9014.709,-65.763,0.192,18.177,0.42,301.54
62.511,8981.851,-65.667,0.202,18.177,0.422,301.669
63.011,8949.043,-65.566,0.212,18.177,0.423,301.799
63.511,8916.286,-65.46,0.22,18.177,0.425,301.928
64.011,8883.584,-65.35,0.226,18.177,0.427,302.056
64.511,8850.937,-65.237,0.231,18.177,0.429,302.185
65.011,8818.347,-65.122,0.235,18.177,0.43,302.313
65.511,8785.816,-65.004,0.238,18.177,0.432,302.441
66.011,8753.344,-64.885,0.241,18.177,0.434,302.569
66.511,8720.931,-64.765,0.242,18.177,0.435,302.697
67.011,8688.579,-64.644,0.243,18.177,0.437,302.824
67.511,8656.288,-64.522,0.243,18.177,0.439,302.952
68.011,8624.057,-64.401,0.246,18.177,0.44,303.079
68.511,8591.887,-64.278,0.248,18.177,0.442,303.205
69.011,8559.779,-64.154,0.249,18.177,0.444,303.332
69.511,8527.734,-64.029,0.25,18.177,0.446,303.458
70.011,8495.751,-63.904,0.251,18.177,0.448,303.584
70.511,8463.83,-63.778,0.25,18.177,0.449,303.71
71.011,8431.972,-63.653,0.25,18.177,0.451,303.835
71.511,8400.177,-63.528,0.249,18.177,0.453,303.961
72.011,8368.444,-63.404,0.248,18.177,0.455,304.086
72.511,8336.773,-63.279,0.247,18.177,0.456,304.21
73.011,8305.164,-63.156,0.246,18.177,0.458,304.335
73.511,8273.617,-63.033,0.244,18.177,0.46,304.459
74.011,8242.131,-62.911,0.242,18.177,0.461,304.583
74.511,8210.706,-62.79,0.241,18.177,0.463,304.707
75.011,8179.342,-62.669,0.239,18.177,0.465,304.83
75.511,8148.037,-62.55,0.238,18.177,0.467,304.954
76.011,8116.792,-62.431,0.238,18.177,0.468,305.077
76.511,8085.606,-62.312,0.239,18.177,0.47,305.2
77.011,8054.48,-62.192,0.238,18.177,0.472,305.322
77.511,8023.413,-62.073,0.239,18.177,0.474,305.445
78.011,7992.407,-61.954,0.237,18.177,0.476,305.567
78.511,7961.459,-61.835,0.236,18.177,0.477,305.689
79.011,7930.571,-61.717,0.235,18.177,0.479,305.81
79.511,7899.742,-61.6,0.234,18.177,0.481,305.932
80.011,7868.972,-61.483,0.232,18.177,0.483,306.053
80.511,7838.259,-61.367,0.231,18.177,0.484,306.174
81.011,7807.605,-61.251,0.23,18.177,0.486,306.295
81.511,7777.008,-61.137,0.228,18.177,0.488,306.415
82.011,7746.468,-61.023,0.226,18.177,0.49,306.535
82.511,7715.985,-60.91,0.225,18.177,0.491,306.656
83.011,7685.558,-60.797,0.222,18.177,0.493,306.775
83.511,7655.187,-60.686,0.221,18.177,0.495,306.895
84.011,7624.872,-60.576,0.221,18.177,0.497,307.014
84.511,7594.611,-60.465,0.222,18.177,0.499,307.134
85.011,7564.406,-60.354,0.222,18.177,0.5,307.253
85.511,7534.257,-60.243,0.221,18.177,0.502,307.371
86.011,7504.163,-60.133,0.22,18.177,0.504,307.49
86.511,7474.124,-60.023,0.219,18.177,0.506,307.608
87.011,7444.14,-59.913,0.218,18.177,0.508,307.726
87.511,7414.21,-59.804,0.217,18.177,0.51,307.844
88.011,7384.336,-59.695,0.216,18.177,0.511,307.962
88.511,7354.515,-59.587,0.215,18.177,0.513,308.079
89.011,7324.748,-59.48,0.213,18.177,0.515,308.197
89.511,7295.035,-59.373,0.212,18.177,0.517,308.314
90.011,7265.375,-59.267,0.21,18.177,0.518,308.431
90.511,7235.767,-59.162,0.208,18.177,0.52,308.547
91.011,7206.212,-59.058,0.209,18.177,0.522,308.664
91.511,7176.709,-58.954,0.205,18.177,0.524,308.78
92.011,7147.258,-58.851,0.204,18.177,0.525,308.896
92.511,7117.858,-58.749,0.205,18.177,0.527,309.012
93.011,7088.509,-58.647,0.205,18.177,0.529,309.127
93.511,7059.211,-58.544,0.206,18.177,0.531,309.243
94.011,7029.965,-58.442,0.205,18.177,0.533,309.358
94.511,7000.77,-58.339,0.205,18.177,0.535,309.473
95.011,6971.626,-58.237,0.204,18.177,0.537,309.588
95.511,6942.533,-58.135,0.203,18.177,0.538,309.702
96.011,6913.491,-58.033,0.202,18.177,0.54,309.817
96.511,6884.499,-57.932,0.2,18.177,0.542,309.931
97.011,6855.558,-57.832,0.2,18.177,0.544,310.045
97.511,6826.667,-57.733,0.197,18.177,0.546,310.159
98.011,6797.825,-57.634,0.196,18.177,0.548,310.272
98.511,6769.033,-57.536,0.195,18.177,0.549,310.386
99.011,6740.289,-57.438,0.193,18.177,0.551,310.499
99.511,6711.594,-57.342,0.193,18.177,0.553,310.612
100.011,6682.947,-57.245,0.19,18.177,0.555,310.725
100.511,6654.349,-57.15,0.189,18.177,0.556,310.837
101.011,6625.797,-57.055,0.19,18.177,0.558,310.95
101.511,6597.293,-56.961,0.191,18.177,0.56,311.062
102.011,6568.837,-56.865,0.19,18.177,0.562,311.174
102.511,6540.428,-56.77,0.19,18.177,0.564,311.286
103.011,6512.066,-56.675,0.19,18.177,0.566,311.398
103.511,6483.753,-56.58,0.189,18.177,0.568,311.509
104.011,6455.486,-56.485,0.189,18.177,0.57,311.621
104.511,6427.267,-56.391,0.187,18.177,0.572,311.732
105.011,6399.095,-56.297,0.187,18.177,0.573,311.843
105.511,6370.97,-56.204,0.185,18.177,0.575,311.954
106.011,6342.891,-56.111,0.184,18.177,0.577,312.064
106.511,6314.858,-56.019,0.183,18.177,0.579,312.175
107.011,6286.872,-55.928,0.182,18.177,0.581,312.285
107.511,6258.931,-55.837,0.181,18.177,0.583,312.395
108.011,6231.035,-55.746,0.179,18.177,0.584,312.505
108.511,6203.184,-55.656,0.178,18.177,0.586,312.614
109.011,6175.378,-55.567,0.178,18.177,0.588,312.724
109.511,6147.617,-55.478,0.176,18.177,0.59,312.833
110.011,6119.9,-55.39,0.176,18.177,0.592,312.943
110.511,6092.227,-55.302,0.177,18.177,0.594,313.052
111.011,6064.598,-55.214,0.177,18.177,0.596,313.16
111.511,6037.013,-55.125,0.177,18.177,0.597,313.269
112.011,6009.472,-55.037,0.176,18.177,0.599,313.377
112.511,5981.976,-54.949,0.176,18.177,0.601,313.486
113.011,5954.524,-54.861,0.175,18.177,0.603,313.594
113.511,5927.115,-54.773,0.174,18.177,0.605,313.702
114.011,5899.751,-54.686,0.173,18.177,0.607,313.81
114.511,5872.429,-54.599,0.173,18.177,0.609,313.917
115.011,5845.151,-54.513,0.172,18.177,0.611,314.025
115.511,5817.916,-54.427,0.171,18.177,0.613,314.132
116.011,5790.724,-54.342,0.169,18.177,0.614,314.239
116.511,5763.574,-54.257,0.168,18.177,0.616,314.346
117.011,5736.467,-54.173,0.168,18.177,0.618,314.453
117.511,5709.401,-54.089,0.166,18.177,0.62,314.559
118.011,5682.377,-54.006,0.164,18.177,0.622,314.666
118.511,5655.395,-53.924,0.164,18.177,0.624,314.772
119.011,5628.453,-53.842,0.164,18.177,0.626,314.878
119.511,5601.553,-53.76,0.165,18.177,0.628,314.984
120.011,5574.693,-53.678,0.165,18.177,0.629,315.09
120.511,5547.875,-53.595,0.164,18.177,0.631,315.196
121.011,5521.098,-53.513,0.164,18.177,0.633,315.301
121.511,5494.362,-53.431,0.164,18.177,0.635,315.407
122.011,5467.667,-53.349,0.163,18.177,0.637,315.512
122.511,5441.013,-53.268,0.163,18.177,0.639,315.617
123.011,5414.399,-53.186,0.162,18.177,0.641,315.721
123.511,5387.826,-53.105,0.162,18.177,0.643,315.826
124.011,5361.294,-53.024,0.161,18.177,0.645,315.931
124.511,5334.802,-52.944,0.159,18.177,0.647,316.035
125.011,5308.349,-52.865,0.158,18.177,0.649,316.139
125.511,5281.937,-52.785,0.158,18.177,0.65,316.243
126.011,5255.564,-52.706,0.156,18.177,0.652,316.347
126.511,5229.23,-52.628,0.154,18.177,0.654,316.451
127.011,5202.936,-52.551,0.154,18.177,0.656,316.554
127.511,5176.679,-52.474,0.153,18.177,0.658,316.658
128.011,5150.461,-52.398,0.152,18.177,0.66,316.761
128.511,5124.281,-52.322,0.153,18.177,0.662,316.864
129.011,5098.14,-52.245,0.153,18.177,0.664,316.967
129.511,5072.036,-52.169,0.153,18.177,0.666,317.07
130.011,5045.971,-52.092,0.155,18.177,0.668,317.173
130.511,5019.944,-52.015,0.153,18.177,0.67,317.275
131.011,4993.956,-51.938,0.153,18.177,0.672,317.378
131.511,4968.006,-51.862,0.152,18.177,0.674,317.48
132.011,4942.094,-51.786,0.151,18.177,0.676,317.582
132.511,4916.22,-51.71,0.151,18.177,0.677,317.684
133.011,4890.384,-51.635,0.15,18.177,0.679,317.786
133.511,4864.585,-51.56,0.15,18.177,0.681,317.887
134.011,4838.824,-51.485,0.148,18.177,0.683,317.989
134.511,4813.1,-51.411,0.147,18.177,0.685,318.09
135.011,4787.413,-51.337,0.147,18.177,0.687,318.191
135.511,4761.763,-51.264,0.146,18.177,0.689,318.292
136.011,4736.149,-51.191,0.145,18.177,0.691,318.393
136.511,4710.572,-51.118,0.144,18.177,0.693,318.494
137.011,4685.031,-51.046,0.142,18.177,0.695,318.594
137.511,4659.526,-50.975,0.142,18.177,0.697,318.695
138.011,4634.056,-50.904,0.142,18.177,0.699,318.795
138.511,4608.622,-50.833,0.143,18.177,0.701,318.895
139.011,4583.223,-50.762,0.143,18.177,0.703,318.995
139.511,4557.86,-50.69,0.143,18.177,0.705,319.095
140.011,4532.533,-50.619,0.143,18.177,0.707,319.195
140.511,4507.241,-50.547,0.143,18.177,0.709,319.295
141.011,4481.985,-50.476,0.142,18.177,0.71,319.394
141.511,4456.765,-50.405,0.143,18.177,0.712,319.494
142.011,4431.581,-50.333,0.141,18.177,0.714,319.593
142.511,4406.432,-50.263,0.14,18.177,0.716,319.692
143.011,4381.318,-50.193,0.14,18.177,0.718,319.791
143.511,4356.239,-50.123,0.139,18.177,0.72,319.89
144.011,4331.194,-50.054,0.139,18.177,0.722,319.988
144.511,4306.185,-49.984,0.137,18.177,0.724,320.087
145.011,4281.21,-49.916,0.136,18.177,0.726,320.185
145.511,4256.269,-49.848,0.135,18.177,0.728,320.283
146.011,4231.362,-49.78,0.135,18.177,0.73,320.381
146.511,4206.489,-49.713,0.134,18.177,0.732,320.479
147.011,4181.649,-49.646,0.133,18.177,0.734,320.577
147.511,4156.843,-49.579,0.132,18.177,0.736,320.675
148.011,4132.07,-49.513,0.133,18.177,0.738,320.773
148.511,4107.33,-49.447,0.134,18.177,0.74,320.87
149.011,4082.623,-49.38,0.134,18.177,0.742,320.967
149.511,4057.95,-49.313,0.134,18.177,0.744,321.065
150.011,4033.31,-49.246,0.134,18.177,0.746,321.162
150.511,4008.704,-49.179,0.133,18.177,0.748,321.259
151.011,3984.131,-49.113,0.133,18.177,0.75,321.355
151.511,3959.591,-49.046,0.132,18.177,0.752,321.452
152.011,3935.084,-48.98,0.132,18.177,0.754,321.549
152.511,3910.611,-48.914,0.131,18.177,0.756,321.645
153.011,3886.17,-48.848,0.13,18.177,0.758,321.741
153.511,3861.762,-48.783,0.13,18.177,0.76,321.837
154.011,3837.387,-48.718,0.129,18.177,0.762,321.933
154.511,3813.044,-48.654,0.128,18.177,0.764,322.029
155.011,3788.733,-48.59,0.128,18.177,0.766,322.125
155.511,3764.454,-48.526,0.127,18.177,0.768,322.221
156.011,3740.207,-48.462,0.126,18.177,0.77,322.316
156.511,3715.992,-48.399,0.125,18.177,0.772,322.412
157.011,3691.808,-48.336,0.125,18.177,0.774,322.507
157.511,3667.655,-48.274,0.124,18.177,0.776,322.602
158.011,3643.534,-48.212,0.123,18.177,0.778,322.697
158.511,3619.443,-48.151,0.124,18.177,0.78,322.792
159.011,3595.383,-48.088,0.125,18.177,0.782,322.887
159.511,3571.354,-48.026,0.126,18.177,0.784,322.981
160.011,3547.357,-47.963,0.125,18.177,0.786,323.076
160.511,3523.392,-47.9,0.125,18.177,0.788,323.17
161.011,3499.457,-47.838,0.124,18.177,0.79,323.264
161.511,3475.554,-47.776,0.124,18.177,0.792,323.359
162.011,3451.681,-47.714,0.123,18.177,0.794,323.453
162.511,3427.84,-47.652,0.123,18.177,0.796,323.547
163.011,3404.029,-47.591,0.123,18.177,0.798,323.64
163.511,3380.249,-47.529,0.122,18.177,0.8,323.734
164.011,3356.5,-47.468,0.121,18.177,0.802,323.828
164.511,3332.781,-47.408,0.12,18.177,0.804,323.921
165.011,3309.092,-47.347,0.12,18.177,0.806,324.014
165.511,3285.433,-47.288,0.12,18.177,0.808,324.107
166.011,3261.804,-47.228,0.118,18.177,0.81,324.201
166.511,3238.205,-47.168,0.118,18.177,0.812,324.294
167.011,3214.636,-47.11,0.118,18.177,0.814,324.386
167.511,3191.096,-47.051,0.118,18.177,0.816,324.479
168.011,3167.585,-46.991,0.115,18.177,0.818,324.572
168.511,3144.104,-46.934,0.115,18.177,0.82,324.664
169.011,3120.651,-46.876,0.116,18.177,0.822,324.757
169.511,3097.228,-46.818,0.116,18.177,0.824,324.849
170.011,3073.833,-46.76,0.117,18.177,0.826,324.941
170.511,3050.467,-46.702,0.117,18.177,0.828,325.033
171.011,3027.131,-46.644,0.117,18.177,0.83,325.125
171.511,3003.824,-46.585,0.117,18.177,0.832,325.217
172.011,2980.546,-46.527,0.116,18.177,0.834,325.308
172.511,2957.297,-46.469,0.116,18.177,0.836,325.4
173.011,2934.077,-46.411,0.115,18.177,0.838,325.491
173.511,2910.886,-46.353,0.115,18.177,0.841,325.583
174.011,2887.724,-46.296,0.114,18.177,0.843,325.674
174.511,2864.59,-46.239,0.113,18.177,0.845,325.765
175.011,2841.485,-46.182,0.113,18.177,0.847,325.856
175.511,2818.408,-46.126,0.114,18.177,0.849,325.947
176.011,2795.359,-46.069,0.112,18.177,0.851,326.038
176.511,2772.338,-46.013,0.111,18.177,0.853,326.129
177.011,2749.346,-45.958,0.11,18.177,0.855,326.219
177.511,2726.38,-45.903,0.11,18.177,0.857,326.31
178.011,2703.443,-45.848,0.11,18.177,0.859,326.4
178.511,2680.533,-45.793,0.108,18.177,0.861,326.49
179.011,2657.65,-45.739,0.108,18.177,0.863,326.58
179.511,2634.794,-45.685,0.113,18.177,0.865,326.67
180.011,2611.965,-45.629,0.108,18.177,0.867,326.76
180.511,2589.164,-45.575,0.109,18.177,0.869,326.85
181.011,2566.391,-45.52,0.109,18.177,0.871,326.94
181.511,2543.644,-45.466,0.109,18.177,0.873,327.029
182.011,2520.925,-45.411,0.109,18.177,0.875,327.119
182.511,2498.233,-45.357,0.109,18.177,0.877,327.208
183.011,2475.568,-45.303,0.108,18.177,0.88,327.298
183.511,2452.93,-45.249,0.108,18.177,0.882,327.387
184.011,2430.319,-45.194,0.109,18.177,0.884,327.476
184.511,2407.736,-45.14,0.111,18.177,0.886,327.565
185.011,2385.18,-45.085,0.11,18.177,0.888,327.654
185.511,2362.651,-45.03,0.105,18.177,0.89,327.742
186.011,2340.149,-44.978,0.104,18.177,0.892,327.831
186.511,2317.673,-44.926,0.104,18.177,0.894,327.919
187.011,2295.223,-44.873,0.104,18.177,0.896,328.008
187.511,2272.8,-44.822,0.103,18.177,0.898,328.096
188.011,2250.402,-44.77,0.103,18.177,0.9,328.184
188.511,2228.03,-44.718,0.103,18.177,0.902,328.273
189.011,2205.683,-44.667,0.102,18.177,0.904,328.361
189.511,2183.362,-44.616,0.101,18.177,0.906,328.449
190.011,2161.067,-44.565,0.101,18.177,0.908,328.536
190.511,2138.797,-44.515,0.101,18.177,0.91,328.624
191.011,2116.552,-44.464,0.102,18.177,0.913,328.712
191.511,2094.332,-44.413,0.102,18.177,0.915,328.799
192.011,2072.138,-44.362,0.103,18.177,0.917,328.887
192.511,2049.97,-44.311,0.106,18.177,0.919,328.974
193.011,2027.828,-44.258,0.102,18.177,0.921,329.061
193.511,2005.712,-44.207,0.102,18.177,0.923,329.148
194.011,1983.621,-44.156,0.102,18.177,0.925,329.235
194.511,1961.555,-44.105,0.101,18.177,0.927,329.322
195.011,1939.515,-44.055,0.101,18.177,0.93,329.409
195.511,1917.501,-44.004,0.1,18.177,0.932,329.496
196.011,1895.511,-43.954,0.101,18.177,0.934,329.582
196.511,1873.547,-43.903,0.099,18.177,0.936,329.669
197.011,1851.607,-43.854,0.102,18.177,0.938,329.755
197.511,1829.693,-43.803,0.098,18.177,0.94,329.842
198.011,1807.804,-43.754,0.098,18.177,0.942,329.928
198.511,1785.94,-43.705,0.097,18.177,0.944,330.014
199.011,1764.099,-43.656,0.097,18.177,0.946,330.1
199.511,1742.283,-43.608,0.096,18.177,0.948,330.186
200.011,1720.492,-43.56,0.096,18.177,0.95,330.272
200.511,1698.724,-43.512,0.095,18.177,0.952,330.358
201.011,1676.98,-43.464,0.095,18.177,0.955,330.443
201.511,1655.26,-43.416,0.095,18.177,0.957,330.529
202.011,1633.564,-43.369,0.095,18.177,0.959,330.614
202.511,1611.891,-43.321,0.096,18.177,0.961,330.7
203.011,1590.242,-43.274,0.096,18.177,0.963,330.785
203.511,1568.618,-43.225,0.096,18.177,0.965,330.87
204.011,1547.017,-43.177,0.096,18.177,0.967,330.955
204.511,1525.441,-43.129,0.096,18.177,0.97,331.04
205.011,1503.888,-43.081,0.099,18.177,0.972,331.125
205.511,1482.36,-43.032,0.095,18.177,0.974,331.21
206.011,1460.856,-42.984,0.096,18.177,0.976,331.294
206.511,1439.376,-42.936,0.094,18.177,0.978,331.379
207.011,1417.92,-42.889,0.094,18.177,0.98,331.464
207.511,1396.487,-42.842,0.094,18.177,0.982,331.548
208.011,1375.078,-42.795,0.093,18.177,0.984,331.632
208.511,1353.692,-42.748,0.093,18.177,0.987,331.717
209.011,1332.329,-42.702,0.092,18.177,0.989,331.801
209.511,1310.99,-42.656,0.092,18.177,0.991,331.885
210.011,1289.674,-42.609,0.093,18.177,0.993,331.969
210.511,1268.381,-42.563,0.091,18.177,0.995,332.053
211.011,1247.111,-42.517,0.092,18.177,0.997,332.136
211.511,1225.864,-42.472,0.09,18.177,0.999,332.22
212.011,1204.639,-42.427,0.09,18.177,1.001,332.304
212.511,1183.437,-42.382,0.089,18.177,1.003,332.387
213.011,1162.257,-42.337,0.089,18.177,1.005,332.471
213.511,1141.1,-42.293,0.089,18.177,1.008,332.554
214.011,1119.964,-42.248,0.09,18.177,1.01,332.637
214.511,1098.851,-42.203,0.091,18.177,1.012,332.72
215.011,1077.761,-42.158,0.09,18.177,1.014,332.804
215.511,1056.694,-42.113,0.092,18.177,1.016,332.886
216.011,1035.649,-42.067,0.09,18.177,1.019,332.969
216.511,1014.626,-42.022,0.09,18.177,1.021,333.052
217.011,993.627,-41.977,0.09,18.177,1.023,333.135
217.511,972.65,-41.932,0.089,18.177,1.025,333.218
218.011,951.695,-41.887,0.089,18.177,1.027,333.3
218.511,930.763,-41.843,0.088,18.177,1.029,333.383
219.011,909.852,-41.798,0.09,18.177,1.032,333.465
219.511,888.964,-41.753,0.088,18.177,1.034,333.547
220.011,868.099,-41.709,0.087,18.177,1.036,333.629
220.511,847.255,-41.666,0.088,18.177,1.038,333.711
221.011,826.433,-41.622,0.087,18.177,1.04,333.793
221.511,805.633,-41.578,0.087,18.177,1.042,333.875
222.011,784.855,-41.535,0.087,18.177,1.044,333.957
222.511,764.098,-41.491,0.085,18.177,1.047,334.039
223.011,743.363,-41.449,0.085,18.177,1.049,334.121
223.511,722.65,-41.407,0.084,18.177,1.051,334.202
224.011,701.957,-41.365,0.085,18.177,1.053,334.284
224.511,681.285,-41.322,0.085,18.177,1.055,334.365
225.011,660.634,-41.28,0.084,18.177,1.057,334.447
225.511,640.005,-41.238,0.086,18.177,1.059,334.528
226.011,619.397,-41.195,0.083,18.177,1.062,334.609
226.511,598.81,-41.154,0.084,18.177,1.064,334.69
227.011,578.243,-41.111,0.084,18.177,1.066,334.771
227.511,557.698,-41.069,0.084,18.177,1.068,334.852
228.011,537.174,-41.027,0.084,18.177,1.07,334.933
228.511,516.671,-40.985,0.084,18.177,1.073,335.014
229.011,496.189,-40.943,0.084,18.177,1.075,335.094
229.511,475.729,-40.901,0.086,18.177,1.077,335.175
230.011,455.289,-40.858,0.086,18.177,1.079,335.255
230.511,434.871,-40.815,0.083,18.177,1.081,335.336
231.011,414.474,-40.773,0.082,18.177,1.084,335.416
231.511,394.098,-40.732,0.083,18.177,1.086,335.496
232.011,373.742,-40.69,0.085,18.177,1.088,335.577
232.511,353.408,-40.648,0.081,18.177,1.09,335.657
233.011,333.094,-40.607,0.081,18.177,1.092,335.737
233.511,312.8,-40.567,0.081,18.177,1.095,335.817
234.011,292.527,-40.526,0.08,18.177,1.097,335.897
234.511,272.274,-40.486,0.08,18.177,1.099,335.976
235.011,252.041,-40.446,0.082,18.177,1.101,336.056
235.511,231.828,-40.405,0.079,18.177,1.103,336.136
236.011,211.636,-40.366,0.08,18.177,1.105,336.215
236.511,191.463,-40.325,0.079,18.177,1.107,336.295
237.011,171.31,-40.286,0.078,18.177,1.11,336.374
237.511,151.177,-40.247,0.078,18.177,1.112,336.453
238.011,131.063,-40.208,0.079,18.177,1.114,336.533
238.511,110.969,-40.169,0.079,18.177,1.116,336.612
239.011,90.894,-40.129,0.081,18.177,1.119,336.691
239.511,70.84,-40.089,0.079,18.177,1.121,336.77
240.011,50.806,-40.049,0.083,18.177,1.123,336.849
240.511,30.791,-40.008,0.079,18.177,1.125,336.928
241.011,10.797,-39.968,0.079,18.177,1.127,337.006
241.281,0,-39.947,0.081,18.177,1.129,337.049
