# Time (s),Altitude (ft),Vertical velocity (m/s),Vertical acceleration (m/s²)
0,0,0,0
0.009,0,0,0
0.019,0.002,0.23,52.148
0.029,0.022,1.058,113.529
0.039,0.079,2.501,174.97
0.044,0.127,3.453,205.712
0.051,0.231,4.979,201.346
0.063,0.462,7.256,194.638
0.073,0.732,9.22,198.134
0.078,0.892,10.215,199.885
0.086,1.161,11.699,195.955
0.094,1.511,13.346,191.493
0.104,1.98,15.277,194.784
0.109,2.239,16.255,196.431
0.117,2.657,17.717,193.358
0.125,3.173,19.346,189.871
0.135,3.839,21.248,190.612
0.147,4.721,23.541,191.502
0.157,5.525,25.455,191.277
0.167,6.391,27.366,191.051
0.177,7.32,29.276,190.823
0.187,8.312,31.183,190.595
0.194,9.044,32.517,190.434
0.204,10.142,34.424,191.15
0.214,11.303,36.34,191.866
0.224,12.526,38.262,192.583
0.234,13.813,40.191,193.301
0.244,15.164,42.128,194.018
0.254,16.578,44.072,194.737
0.264,18.056,46.023,195.455
0.279,20.393,48.962,196.534
0.302,24.171,53.403,198.154
0.335,30.456,60.131,200.586
0.35,33.437,63.098,201.65
0.372,38.18,67.593,204.669
0.405,45.912,74.461,209.212
0.428,51.632,79.242,212.326
0.462,60.885,86.505,214.509
0.512,75.959,97.311,217.717
0.563,93.164,108.491,220.987
0.613,111.871,119.601,223.416
0.663,132.41,130.832,225.832
0.694,146.073,137.856,227.323
0.74,167.913,148.467,229.052
0.79,193.209,159.966,230.892
0.84,220.4,171.556,232.71
0.891,249.499,183.236,234.514
0.941,280.522,195.007,236.302
0.988,311.788,206.271,237.987
1.038,346.603,218.197,239.021
1.088,383.378,230.173,240.025
1.138,422.121,242.198,240.983
1.188,462.842,254.27,241.883
1.238,505.546,266.385,242.711
1.266,530.329,273.187,243.137
1.308,568.678,283.421,244.173
1.358,616.174,295.658,245.284
1.408,665.681,307.948,246.456
1.458,717.211,320.308,247.929
1.491,752.333,328.506,248.919
1.541,806.682,340.803,247.391
1.581,852.63,350.779,245.312
1.631,911.173,362.948,241.576
1.641,923.12,365.36,240.958
1.656,941.19,368.971,240.522
1.679,968.626,374.377,239.974
1.684,975.394,375.696,239.843
1.692,985.589,377.669,238.437
1.705,1000.983,380.607,236.356
1.716,1015.237,383.285,234.449
1.733,1036.805,387.279,233.819
1.759,1069.575,393.252,232.963
1.784,1102.519,399.147,232.217
1.822,1152.85,407.922,229.468
1.872,1220.702,419.304,225.752
1.922,1290.406,430.491,221.629
1.938,1313.075,434.021,220.146
1.962,1347.423,439.278,218.306
1.998,1399.717,447.079,215.476
2.048,1473.935,457.754,211.56
2.098,1549.888,468.234,207.628
2.138,1611.97,476.488,204.433
2.188,1690.97,486.658,202.386
2.238,1771.629,496.726,200.33
2.288,1853.932,506.692,198.307
2.338,1937.861,516.557,196.296
2.388,2023.401,526.321,194.257
2.438,2110.533,535.982,192.193
2.488,2199.242,545.54,190.11
2.491,2204.614,546.11,189.984
2.496,2212.683,546.964,189.69
2.502,2224.81,548.243,189.249
2.512,2243.054,550.156,188.588
2.528,2270.538,553.013,187.596
2.55,2312.031,557.27,186.11
2.585,2374.863,563.591,183.877
2.6,2403.566,566.43,182.866
2.623,2446.89,570.605,176.565
2.658,2512.457,576.591,167.094
2.708,2607.709,584.605,153.448
2.758,2704.22,591.935,139.74
2.808,2801.876,598.578,125.968
2.858,2900.566,604.531,112.15
2.908,3000.175,609.792,98.301
2.919,3022.068,610.851,95.269
2.935,3054.978,612.406,94.415
2.96,3104.499,614.713,93.134
2.997,3179.127,618.114,91.21
3.022,3230.118,620.387,89.897
3.06,3306.948,623.639,82.871
3.11,3409.578,627.549,73.522
3.138,3468.048,629.558,68.214
3.181,3556.087,632.307,61.021
3.231,3660.05,635.146,52.571
3.281,3764.445,637.564,44.139
3.3,3805.2,638.391,40.859
3.329,3866.424,639.47,33.021
3.373,3958.428,640.66,21.271
3.388,3989.931,640.948,17.251
3.41,4037.209,641.299,13.997
3.441,4101.45,641.659,9.578
3.487,4197.867,642.069,8.345
3.537,4303.226,642.453,6.992
3.544,4318.434,642.503,6.797
3.555,4341.248,642.572,5.955
3.571,4375.474,642.658,4.692
3.595,4426.819,642.749,2.802
3.609,4455.486,642.78,1.747
3.629,4498.487,642.762,-3.483
3.66,4562.977,642.536,-11.314
3.688,4622.035,642.119,-18.477
3.73,4710.533,641.278,-21.534
3.778,4811.362,640.161,-25.014
3.819,4897.401,639.077,-27.856
3.853,4968.634,638.067,-31.607
3.897,5060.634,636.489,-40.109
3.947,5164.872,634.322,-46.569
3.981,5235.539,632.664,-50.949
3.997,5268.728,631.843,-51.71
4.021,5318.43,630.604,-51.533
4.057,5392.802,628.753,-51.264
4.107,5495.734,626.2,-50.887
4.157,5598.249,623.665,-50.51
4.207,5700.349,621.148,-50.147
4.257,5802.039,618.65,-49.801
4.307,5903.319,616.168,-49.466
4.357,6004.194,613.703,-49.131
4.407,6104.666,611.255,-48.799
4.457,6204.738,608.823,-48.454
4.507,6304.412,606.409,-48.109
4.557,6403.692,604.012,-47.77
4.607,6502.58,601.632,-47.448
4.657,6601.079,599.267,-47.133
4.707,6699.191,596.919,-46.815
4.757,6796.919,594.586,-46.496
4.807,6894.266,592.269,-46.18
4.857,6991.234,589.968,-45.862
4.907,7087.826,587.683,-45.55
4.957,7184.044,585.413,-45.249
5.007,7279.891,583.158,-44.952
5.057,7375.37,580.918,-44.656
5.107,7470.482,578.692,-44.367
5.157,7565.23,576.481,-44.074
5.207,7659.617,574.285,-43.782
5.257,7753.645,572.103,-43.499
5.307,7847.315,569.935,-43.225
5.357,7940.632,567.78,-42.95
5.407,8033.596,565.64,-42.676
5.457,8126.21,563.513,-42.401
5.507,8218.476,561.399,-42.126
5.557,8310.397,559.3,-41.854
5.607,8401.974,557.214,-41.59
5.657,8493.21,555.141,-41.33
5.707,8584.108,553.081,-41.067
5.757,8674.668,551.034,-40.808
5.807,8764.894,549,-40.557
5.857,8854.787,546.979,-40.298
5.907,8944.349,544.97,-40.048
5.957,9033.583,542.974,-39.803
6.007,9122.491,540.99,-39.564
6.057,9211.074,539.017,-39.327
6.107,9299.335,537.057,-39.091
6.157,9387.274,535.108,-38.854
6.207,9474.896,533.171,-38.613
6.257,9562.2,531.247,-38.38
6.307,9649.19,529.333,-38.153
6.357,9735.867,527.431,-37.932
6.407,9822.232,525.54,-37.71
6.457,9908.288,523.66,-37.48
6.507,9994.037,521.792,-37.251
6.557,1.008e4,519.935,-37.034
6.607,1.016e4,518.089,-36.822
6.657,1.025e4,516.253,-36.608
6.707,1.033e4,514.428,-36.395
6.757,1.042e4,512.613,-36.178
6.807,1.05e4,510.81,-35.963
6.857,1.059e4,509.017,-35.758
6.907,1.067e4,507.234,-35.561
6.957,1.075e4,505.461,-35.362
7.007,1.084e4,503.698,-35.162
7.057,1.092e4,501.945,-34.965
7.107,1.1e4,500.201,-34.762
7.157,1.108e4,498.468,-34.57
7.207,1.116e4,496.744,-34.384
7.257,1.124e4,495.03,-34.193
7.307,1.133e4,493.325,-34.001
7.357,1.141e4,491.63,-33.814
7.407,1.149e4,489.944,-33.622
7.457,1.157e4,488.267,-33.44
7.507,1.165e4,486.6,-33.264
7.557,1.173e4,484.941,-33.084
7.607,1.181e4,483.291,-32.899
7.657,1.189e4,481.651,-32.718
7.707,1.196e4,480.02,-32.537
7.757,1.204e4,478.397,-32.363
7.807,1.212e4,476.783,-32.199
7.857,1.22e4,475.177,-32.032
7.907,1.228e4,473.58,-31.858
7.957,1.235e4,471.991,-31.687
8.007,1.243e4,470.411,-31.518
8.057,1.251e4,468.839,-31.358
8.107,1.259e4,467.275,-31.202
8.157,1.266e4,465.719,-31.046
8.207,1.274e4,464.171,-30.882
8.257,1.281e4,462.631,-30.719
8.307,1.289e4,461.099,-30.56
8.357,1.297e4,459.575,-30.407
8.407,1.304e4,458.058,-30.258
8.457,1.312e4,456.549,-30.102
8.507,1.319e4,455.048,-29.947
8.557,1.327e4,453.554,-29.798
8.607,1.334e4,452.068,-29.647
8.657,1.341e4,450.59,-29.496
8.707,1.349e4,449.119,-29.349
8.757,1.356e4,447.655,-29.207
8.807,1.363e4,446.198,-29.068
8.857,1.371e4,444.748,-28.921
8.907,1.378e4,443.306,-28.774
8.957,1.385e4,441.871,-28.632
9.007,1.393e4,440.442,-28.493
9.057,1.4e4,439.021,-28.363
9.107,1.407e4,437.606,-28.229
9.157,1.414e4,436.198,-28.096
9.207,1.421e4,434.797,-27.959
9.257,1.428e4,433.402,-27.827
9.307,1.435e4,432.014,-27.695
9.357,1.443e4,430.633,-27.564
9.407,1.45e4,429.258,-27.439
9.457,1.457e4,427.889,-27.309
9.507,1.464e4,426.527,-27.184
9.557,1.471e4,425.171,-27.055
9.607,1.478e4,423.821,-26.93
9.657,1.485e4,422.478,-26.804
9.707,1.491e4,421.141,-26.68
9.757,1.498e4,419.809,-26.563
9.807,1.505e4,418.484,-26.441
9.857,1.512e4,417.165,-26.321
9.907,1.519e4,415.852,-26.198
9.957,1.526e4,414.545,-26.077
10.007,1.533e4,413.244,-25.982
10.057,1.539e4,411.947,-25.885
10.107,1.546e4,410.655,-25.789
10.157,1.553e4,409.368,-25.691
10.207,1.559e4,408.086,-25.596
10.257,1.566e4,406.809,-25.522
10.307,1.573e4,405.534,-25.46
10.357,1.579e4,404.263,-25.398
10.407,1.586e4,402.994,-25.334
10.457,1.593e4,401.729,-25.27
10.507,1.599e4,400.467,-25.206
10.557,1.606e4,399.208,-25.165
10.607,1.612e4,397.951,-25.125
10.657,1.619e4,396.696,-25.084
10.707,1.625e4,395.442,-25.039
10.757,1.632e4,394.192,-24.996
10.807,1.638e4,392.943,-24.959
10.857,1.645e4,391.696,-24.92
10.907,1.651e4,390.451,-24.891
10.957,1.658e4,389.207,-24.86
11.007,1.664e4,387.964,-24.832
11.057,1.67e4,386.724,-24.797
11.107,1.677e4,385.485,-24.767
11.157,1.683e4,384.247,-24.731
11.207,1.689e4,383.011,-24.697
11.257,1.695e4,381.777,-24.67
11.307,1.702e4,380.544,-24.643
11.357,1.708e4,379.313,-24.613
11.407,1.714e4,378.083,-24.578
11.457,1.72e4,376.855,-24.543
11.507,1.727e4,375.629,-24.51
11.557,1.733e4,374.404,-24.478
11.607,1.739e4,373.181,-24.439
11.657,1.745e4,371.96,-24.401
11.707,1.751e4,370.741,-24.36
11.757,1.757e4,369.524,-24.321
11.807,1.763e4,368.309,-24.282
11.857,1.769e4,367.096,-24.235
11.907,1.775e4,365.886,-24.18
11.957,1.781e4,364.678,-24.122
12.007,1.787e4,363.473,-24.066
12.057,1.793e4,362.271,-24.015
12.107,1.799e4,361.072,-23.966
12.157,1.805e4,359.875,-23.912
12.207,1.811e4,358.681,-23.836
12.257,1.817e4,357.491,-23.756
12.307,1.823e4,356.305,-23.681
12.357,1.828e4,355.123,-23.608
12.407,1.834e4,353.944,-23.543
12.457,1.84e4,352.769,-23.478
12.507,1.846e4,351.597,-23.383
12.557,1.852e4,350.431,-23.283
12.607,1.857e4,349.269,-23.187
12.657,1.863e4,348.112,-23.095
12.707,1.869e4,346.959,-23.011
12.757,1.874e4,345.811,-22.922
12.807,1.88e4,344.667,-22.821
12.857,1.886e4,343.529,-22.718
12.907,1.891e4,342.395,-22.612
12.957,1.897e4,341.268,-22.506
13.007,1.903e4,340.145,-22.407
13.057,1.908e4,339.027,-22.303
13.107,1.914e4,337.915,-22.186
13.157,1.919e4,336.808,-22.065
13.207,1.925e4,335.708,-21.941
13.257,1.93e4,334.614,-21.82
13.307,1.936e4,333.526,-21.702
13.357,1.941e4,332.444,-21.575
13.407,1.947e4,331.369,-21.432
13.457,1.952e4,330.301,-21.296
13.507,1.957e4,329.239,-21.166
13.557,1.963e4,328.184,-21.033
13.607,1.968e4,327.136,-20.896
13.657,1.974e4,326.095,-20.758
13.707,1.979e4,325.061,-20.592
13.757,1.984e4,324.035,-20.435
13.807,1.99e4,323.017,-20.285
13.857,1.995e4,322.007,-20.141
13.907,2e4,321.003,-20.001
13.957,2.005e4,320.006,-19.863
14.007,2.011e4,319.017,-19.704
14.057,2.016e4,318.036,-19.523
14.107,2.021e4,317.065,-19.349
14.157,2.026e4,316.101,-19.184
14.207,2.031e4,315.146,-19.026
14.257,2.037e4,314.199,-18.876
14.307,2.042e4,313.258,-18.73
14.357,2.047e4,312.325,-18.612
14.407,2.052e4,311.396,-18.547
14.457,2.057e4,310.471,-18.478
14.507,2.062e4,309.549,-18.41
14.557,2.067e4,308.63,-18.35
14.607,2.072e4,307.713,-18.297
14.657,2.077e4,306.8,-18.252
14.707,2.082e4,305.888,-18.206
14.757,2.087e4,304.979,-18.154
14.807,2.092e4,304.073,-18.09
14.857,2.097e4,303.17,-18.025
14.907,2.102e4,302.271,-17.958
14.957,2.107e4,301.374,-17.899
15.007,2.112e4,300.481,-17.847
15.057,2.117e4,299.59,-17.799
15.107,2.122e4,298.701,-17.756
15.157,2.127e4,297.814,-17.709
15.207,2.132e4,296.93,-17.651
15.257,2.137e4,296.049,-17.591
15.307,2.141e4,295.171,-17.532
15.357,2.146e4,294.296,-17.475
15.407,2.151e4,293.423,-17.424
15.457,2.156e4,292.553,-17.373
15.507,2.161e4,291.686,-17.328
15.557,2.166e4,290.821,-17.283
15.607,2.17e4,289.958,-17.235
15.657,2.175e4,289.097,-17.185
15.707,2.18e4,288.239,-17.133
15.757,2.184e4,287.384,-17.078
15.807,2.189e4,286.531,-17.027
15.857,2.194e4,285.681,-16.972
15.907,2.199e4,284.834,-16.924
15.957,2.203e4,283.989,-16.878
16.007,2.208e4,283.146,-16.835
16.057,2.213e4,282.305,-16.794
16.107,2.217e4,281.467,-16.751
16.157,2.222e4,280.63,-16.704
16.207,2.226e4,279.796,-16.653
16.257,2.231e4,278.965,-16.592
16.307,2.235e4,278.137,-16.524
16.357,2.24e4,277.313,-16.461
16.407,2.245e4,276.491,-16.4
16.457,2.249e4,275.672,-16.342
16.507,2.254e4,274.857,-16.287
16.557,2.258e4,274.044,-16.231
16.607,2.263e4,273.234,-16.17
16.657,2.267e4,272.427,-16.11
16.707,2.272e4,271.623,-16.051
16.757,2.276e4,270.822,-15.994
16.807,2.28e4,270.023,-15.939
16.857,2.285e4,269.228,-15.884
16.907,2.289e4,268.435,-15.83
16.957,2.294e4,267.645,-15.779
17.007,2.298e4,266.857,-15.73
17.057,2.302e4,266.072,-15.679
17.107,2.307e4,265.289,-15.629
17.157,2.311e4,264.509,-15.577
17.207,2.315e4,263.731,-15.525
17.257,2.32e4,262.956,-15.474
17.307,2.324e4,262.184,-15.422
17.357,2.328e4,261.414,-15.373
17.407,2.333e4,260.647,-15.328
17.457,2.337e4,259.881,-15.283
17.507,2.341e4,259.118,-15.24
17.557,2.345e4,258.357,-15.197
17.607,2.35e4,257.599,-15.151
17.657,2.354e4,256.842,-15.104
17.707,2.358e4,256.088,-15.058
17.757,2.362e4,255.336,-15.011
17.807,2.366e4,254.587,-14.966
17.857,2.371e4,253.84,-14.924
17.907,2.375e4,253.095,-14.884
17.957,2.379e4,252.351,-14.843
18.007,2.383e4,251.61,-14.805
18.057,2.387e4,250.871,-14.764
18.107,2.391e4,250.134,-14.724
18.157,2.395e4,249.399,-14.682
18.207,2.4e4,248.666,-14.641
18.257,2.404e4,247.935,-14.599
18.307,2.408e4,247.206,-14.561
18.357,2.412e4,246.479,-14.523
18.407,2.416e4,245.753,-14.484
18.457,2.42e4,245.03,-14.447
18.507,2.424e4,244.309,-14.411
18.557,2.428e4,243.589,-14.377
18.607,2.432e4,242.871,-14.341
18.657,2.436e4,242.155,-14.304
18.707,2.44e4,241.441,-14.267
18.757,2.444e4,240.728,-14.233
18.807,2.448e4,240.017,-14.194
18.857,2.452e4,239.309,-14.155
18.907,2.455e4,238.602,-14.117
18.957,2.459e4,237.897,-14.084
19.007,2.463e4,237.194,-14.05
19.057,2.467e4,236.492,-14.018
19.107,2.471e4,235.792,-13.987
19.157,2.475e4,235.093,-13.956
19.207,2.479e4,234.396,-13.926
19.257,2.483e4,233.7,-13.897
19.307,2.486e4,233.006,-13.865
19.357,2.49e4,232.314,-13.83
19.407,2.494e4,231.623,-13.796
19.457,2.498e4,230.934,-13.76
19.507,2.502e4,230.247,-13.724
19.557,2.505e4,229.562,-13.689
19.607,2.509e4,228.878,-13.657
19.657,2.513e4,228.196,-13.628
19.707,2.517e4,227.516,-13.6
19.757,2.52e4,226.836,-13.574
19.807,2.524e4,226.158,-13.549
19.857,2.528e4,225.481,-13.524
19.907,2.531e4,224.806,-13.497
19.957,2.535e4,224.132,-13.467
20.007,2.539e4,223.459,-13.432
20.057,2.542e4,222.788,-13.399
20.107,2.546e4,222.119,-13.368
20.157,2.55e4,221.452,-13.339
20.207,2.553e4,220.785,-13.311
20.257,2.557e4,220.121,-13.284
20.307,2.561e4,219.457,-13.258
20.357,2.564e4,218.795,-13.233
20.407,2.568e4,218.134,-13.21
20.457,2.571e4,217.474,-13.185
20.507,2.575e4,216.815,-13.16
20.557,2.578e4,216.158,-13.135
20.607,2.582e4,215.502,-13.109
20.657,2.586e4,214.847,-13.079
20.707,2.589e4,214.194,-13.051
20.757,2.593e4,213.542,-13.023
20.807,2.596e4,212.891,-12.996
20.857,2.6e4,212.242,-12.97
20.907,2.603e4,211.594,-12.947
20.957,2.606e4,210.947,-12.923
21.007,2.61e4,210.302,-12.9
21.057,2.613e4,209.657,-12.878
21.107,2.617e4,209.014,-12.856
21.157,2.62e4,208.372,-12.834
21.207,2.624e4,207.731,-12.81
21.257,2.627e4,207.091,-12.786
21.307,2.63e4,206.452,-12.761
21.357,2.634e4,205.815,-12.736
21.407,2.637e4,205.179,-12.711
21.457,2.641e4,204.544,-12.686
21.507,2.644e4,203.91,-12.66
21.557,2.647e4,203.278,-12.636
21.607,2.651e4,202.646,-12.614
21.657,2.654e4,202.016,-12.593
21.707,2.657e4,201.387,-12.573
21.757,2.661e4,200.759,-12.556
21.807,2.664e4,200.131,-12.538
21.857,2.667e4,199.505,-12.519
21.907,2.67e4,198.88,-12.5
21.957,2.674e4,198.255,-12.479
22.007,2.677e4,197.632,-12.457
22.057,2.68e4,197.009,-12.433
22.107,2.683e4,196.388,-12.409
22.157,2.687e4,195.769,-12.385
22.207,2.69e4,195.15,-12.362
22.257,2.693e4,194.532,-12.34
22.307,2.696e4,193.916,-12.318
22.357,2.699e4,193.301,-12.298
22.407,2.702e4,192.686,-12.279
22.457,2.706e4,192.073,-12.259
22.507,2.709e4,191.46,-12.243
22.557,2.712e4,190.848,-12.227
22.607,2.715e4,190.238,-12.21
22.657,2.718e4,189.627,-12.192
22.707,2.721e4,189.018,-12.174
22.757,2.724e4,188.41,-12.157
22.807,2.727e4,187.803,-12.138
22.857,2.731e4,187.196,-12.118
22.907,2.734e4,186.591,-12.097
22.957,2.737e4,185.987,-12.077
23.007,2.74e4,185.383,-12.055
23.057,2.743e4,184.781,-12.035
23.107,2.746e4,184.18,-12.017
23.157,2.749e4,183.579,-11.999
23.207,2.752e4,182.98,-11.982
23.257,2.755e4,182.381,-11.966
23.307,2.758e4,181.783,-11.95
23.357,2.761e4,181.186,-11.934
23.407,2.764e4,180.59,-11.919
23.457,2.767e4,179.994,-11.905
23.507,2.77e4,179.399,-11.888
23.557,2.773e4,178.805,-11.872
23.607,2.775e4,178.212,-11.855
23.657,2.778e4,177.62,-11.837
23.707,2.781e4,177.028,-11.819
23.757,2.784e4,176.438,-11.802
23.807,2.787e4,175.848,-11.786
23.857,2.79e4,175.259,-11.769
23.907,2.793e4,174.671,-11.751
23.957,2.796e4,174.084,-11.733
24.007,2.799e4,173.498,-11.716
24.057,2.801e4,172.913,-11.701
24.107,2.804e4,172.328,-11.685
24.157,2.807e4,171.744,-11.671
24.207,2.81e4,171.161,-11.655
24.257,2.813e4,170.579,-11.642
24.307,2.815e4,169.997,-11.628
24.357,2.818e4,169.416,-11.614
24.407,2.821e4,168.836,-11.599
24.457,2.824e4,168.256,-11.586
24.507,2.827e4,167.677,-11.571
24.557,2.829e4,167.099,-11.556
24.607,2.832e4,166.521,-11.541
24.657,2.835e4,165.945,-11.527
24.707,2.837e4,165.369,-11.511
24.757,2.84e4,164.794,-11.495
24.807,2.843e4,164.219,-11.48
24.857,2.846e4,163.646,-11.465
24.907,2.848e4,163.073,-11.45
24.957,2.851e4,162.501,-11.436
25.007,2.854e4,161.929,-11.421
25.057,2.856e4,161.358,-11.409
25.107,2.859e4,160.788,-11.396
25.157,2.861e4,160.219,-11.383
25.207,2.864e4,159.65,-11.371
25.257,2.867e4,159.082,-11.36
25.307,2.869e4,158.514,-11.349
25.357,2.872e4,157.947,-11.336
25.407,2.875e4,157.38,-11.322
25.457,2.877e4,156.815,-11.308
25.507,2.88e4,156.25,-11.295
25.557,2.882e4,155.685,-11.281
25.607,2.885e4,155.121,-11.269
25.657,2.887e4,154.558,-11.256
25.707,2.89e4,153.996,-11.243
25.757,2.892e4,153.434,-11.229
25.807,2.895e4,152.873,-11.216
25.857,2.897e4,152.312,-11.204
25.907,2.9e4,151.753,-11.191
25.957,2.902e4,151.193,-11.177
26.007,2.905e4,150.635,-11.166
26.057,2.907e4,150.077,-11.154
26.107,2.91e4,149.519,-11.141
26.157,2.912e4,148.963,-11.129
26.207,2.915e4,148.407,-11.119
26.257,2.917e4,147.851,-11.106
26.307,2.919e4,147.296,-11.096
26.357,2.922e4,146.741,-11.085
26.407,2.924e4,146.187,-11.075
26.457,2.927e4,145.634,-11.065
26.507,2.929e4,145.081,-11.056
26.557,2.931e4,144.528,-11.048
26.607,2.934e4,143.976,-11.038
26.657,2.936e4,143.424,-11.028
26.707,2.939e4,142.873,-11.016
26.757,2.941e4,142.323,-11.008
26.807,2.943e4,141.773,-10.996
26.857,2.946e4,141.223,-10.983
26.907,2.948e4,140.674,-10.97
26.957,2.95e4,140.126,-10.958
27.007,2.952e4,139.578,-10.945
27.057,2.955e4,139.031,-10.933
27.107,2.957e4,138.485,-10.921
27.157,2.959e4,137.939,-10.909
27.207,2.962e4,137.394,-10.898
27.257,2.964e4,136.85,-10.886
27.307,2.966e4,136.306,-10.876
27.357,2.968e4,135.762,-10.866
27.407,2.97e4,135.219,-10.856
27.457,2.973e4,134.676,-10.847
27.507,2.975e4,134.134,-10.839
27.557,2.977e4,133.593,-10.829
27.607,2.979e4,133.051,-10.821
27.657,2.981e4,132.51,-10.813
27.707,2.984e4,131.97,-10.806
27.757,2.986e4,131.43,-10.799
27.807,2.988e4,130.89,-10.791
27.857,2.99e4,130.351,-10.783
27.907,2.992e4,129.812,-10.775
27.957,2.994e4,129.273,-10.768
28.007,2.996e4,128.735,-10.758
28.057,2.999e4,128.197,-10.748
28.107,3.001e4,127.66,-10.737
28.157,3.003e4,127.124,-10.728
28.207,3.005e4,126.588,-10.718
28.257,3.007e4,126.052,-10.706
28.307,3.009e4,125.517,-10.696
28.357,3.011e4,124.982,-10.685
28.407,3.013e4,124.448,-10.674
28.457,3.015e4,123.915,-10.664
28.507,3.017e4,123.382,-10.656
28.557,3.019e4,122.849,-10.648
28.607,3.021e4,122.317,-10.639
28.657,3.023e4,121.785,-10.629
28.707,3.025e4,121.254,-10.62
28.757,3.027e4,120.723,-10.611
28.807,3.029e4,120.193,-10.603
28.857,3.031e4,119.663,-10.594
28.907,3.033e4,119.134,-10.586
28.957,3.035e4,118.604,-10.579
29.007,3.037e4,118.076,-10.572
29.057,3.039e4,117.547,-10.565
29.107,3.041e4,117.019,-10.559
29.157,3.043e4,116.491,-10.553
29.207,3.045e4,115.964,-10.547
29.257,3.046e4,115.437,-10.54
29.307,3.048e4,114.91,-10.534
29.357,3.05e4,114.383,-10.528
29.407,3.052e4,113.857,-10.521
29.457,3.054e4,113.331,-10.515
29.507,3.056e4,112.806,-10.509
29.557,3.058e4,112.28,-10.501
29.607,3.06e4,111.756,-10.493
29.657,3.061e4,111.231,-10.485
29.707,3.063e4,110.707,-10.477
29.757,3.065e4,110.183,-10.47
29.807,3.067e4,109.66,-10.461
29.857,3.069e4,109.137,-10.452
29.907,3.07e4,108.615,-10.444
29.957,3.072e4,108.093,-10.435
30.007,3.074e4,107.571,-10.426
30.057,3.076e4,107.05,-10.419
30.107,3.077e4,106.53,-10.41
30.157,3.079e4,106.009,-10.402
30.207,3.081e4,105.489,-10.394
30.257,3.083e4,104.97,-10.387
30.307,3.084e4,104.451,-10.379
30.357,3.086e4,103.932,-10.372
30.407,3.088e4,103.413,-10.366
30.457,3.089e4,102.895,-10.359
30.507,3.091e4,102.377,-10.353
30.557,3.093e4,101.86,-10.347
30.607,3.094e4,101.343,-10.341
30.657,3.096e4,100.826,-10.335
30.707,3.098e4,100.309,-10.33
30.757,3.099e4,99.793,-10.326
30.807,3.101e4,99.277,-10.321
30.857,3.103e4,98.761,-10.317
30.907,3.104e4,98.245,-10.313
30.957,3.106e4,97.729,-10.309
31.007,3.108e4,97.214,-10.302
31.057,3.109e4,96.699,-10.3
31.107,3.111e4,96.184,-10.296
31.157,3.112e4,95.67,-10.291
31.207,3.114e4,95.155,-10.286
31.257,3.115e4,94.641,-10.279
31.307,3.117e4,94.127,-10.273
31.357,3.118e4,93.614,-10.266
31.407,3.12e4,93.101,-10.259
31.457,3.122e4,92.588,-10.251
31.507,3.123e4,92.075,-10.246
31.557,3.125e4,91.563,-10.238
31.607,3.126e4,91.052,-10.23
31.657,3.128e4,90.54,-10.224
31.707,3.129e4,90.029,-10.217
31.757,3.13e4,89.518,-10.21
31.807,3.132e4,89.008,-10.203
31.857,3.133e4,88.498,-10.197
31.907,3.135e4,87.988,-10.19
31.957,3.136e4,87.479,-10.184
32.007,3.138e4,86.97,-10.178
32.057,3.139e4,86.461,-10.172
32.107,3.141e4,85.953,-10.168
32.157,3.142e4,85.445,-10.162
32.207,3.143e4,84.937,-10.157
32.257,3.145e4,84.429,-10.152
32.307,3.146e4,83.921,-10.147
32.357,3.148e4,83.414,-10.143
32.407,3.149e4,82.907,-10.137
32.457,3.15e4,82.4,-10.133
32.507,3.152e4,81.894,-10.128
32.557,3.153e4,81.388,-10.123
32.607,3.154e4,80.881,-10.12
32.657,3.156e4,80.376,-10.116
32.707,3.157e4,79.87,-10.113
32.757,3.158e4,79.364,-10.109
32.807,3.159e4,78.859,-10.106
32.857,3.161e4,78.354,-10.103
32.907,3.162e4,77.849,-10.1
32.957,3.163e4,77.344,-10.096
33.007,3.165e4,76.839,-10.092
33.057,3.166e4,76.334,-10.09
33.107,3.167e4,75.83,-10.087
33.157,3.168e4,75.326,-10.082
33.207,3.17e4,74.822,-10.079
33.257,3.171e4,74.318,-10.075
33.307,3.172e4,73.814,-10.072
33.357,3.173e4,73.311,-10.067
33.407,3.174e4,72.808,-10.063
33.457,3.176e4,72.304,-10.058
33.507,3.177e4,71.802,-10.052
33.557,3.178e4,71.299,-10.046
33.607,3.179e4,70.797,-10.041
33.657,3.18e4,70.295,-10.035
33.707,3.181e4,69.794,-10.03
33.757,3.183e4,69.292,-10.027
33.807,3.184e4,68.791,-10.022
33.857,3.185e4,68.29,-10.016
33.907,3.186e4,67.789,-10.011
33.957,3.187e4,67.289,-10.007
34.007,3.188e4,66.789,-10.002
34.057,3.189e4,66.289,-9.998
34.107,3.19e4,65.789,-9.994
34.157,3.191e4,65.289,-9.991
34.207,3.192e4,64.79,-9.987
34.257,3.194e4,64.291,-9.984
34.307,3.195e4,63.791,-9.98
34.357,3.196e4,63.292,-9.977
34.407,3.197e4,62.794,-9.973
34.457,3.198e4,62.295,-9.969
34.507,3.199e4,61.797,-9.966
34.557,3.2e4,61.299,-9.962
34.607,3.201e4,60.801,-9.958
34.657,3.202e4,60.303,-9.955
34.707,3.203e4,59.805,-9.953
34.757,3.204e4,59.308,-9.95
34.807,3.205e4,58.81,-9.947
34.857,3.206e4,58.313,-9.943
34.907,3.207e4,57.816,-9.94
34.957,3.207e4,57.319,-9.936
35.007,3.208e4,56.822,-9.933
35.057,3.209e4,56.326,-9.93
35.107,3.21e4,55.829,-9.928
35.157,3.211e4,55.333,-9.925
35.207,3.212e4,54.837,-9.921
35.257,3.213e4,54.341,-9.918
35.307,3.214e4,53.845,-9.916
35.357,3.215e4,53.349,-9.913
35.407,3.216e4,52.853,-9.911
35.457,3.216e4,52.358,-9.909
35.507,3.217e4,51.863,-9.906
35.557,3.218e4,51.367,-9.903
35.607,3.219e4,50.872,-9.9
35.657,3.22e4,50.377,-9.897
35.707,3.221e4,49.883,-9.895
35.757,3.221e4,49.388,-9.892
35.807,3.222e4,48.893,-9.891
35.857,3.223e4,48.399,-9.888
35.907,3.224e4,47.904,-9.884
35.957,3.225e4,47.41,-9.881
36.007,3.225e4,46.916,-9.878
36.057,3.226e4,46.423,-9.876
36.107,3.227e4,45.929,-9.873
36.157,3.228e4,45.435,-9.871
36.207,3.228e4,44.942,-9.868
36.257,3.229e4,44.448,-9.866
36.307,3.23e4,43.955,-9.863
36.357,3.231e4,43.462,-9.86
36.407,3.231e4,42.969,-9.858
36.457,3.232e4,42.476,-9.856
36.507,3.233e4,41.984,-9.853
36.557,3.233e4,41.491,-9.85
36.607,3.234e4,40.998,-9.849
36.657,3.235e4,40.506,-9.846
36.707,3.235e4,40.014,-9.844
36.757,3.236e4,39.522,-9.842
36.807,3.237e4,39.03,-9.84
36.857,3.237e4,38.538,-9.839
36.907,3.238e4,38.046,-9.836
36.957,3.239e4,37.554,-9.834
37.007,3.239e4,37.062,-9.833
37.057,3.24e4,36.571,-9.832
37.107,3.24e4,36.079,-9.829
37.157,3.241e4,35.588,-9.827
37.207,3.242e4,35.096,-9.825
37.257,3.242e4,34.605,-9.823
37.307,3.243e4,34.114,-9.82
37.357,3.243e4,33.623,-9.818
37.407,3.244e4,33.132,-9.815
37.457,3.244e4,32.642,-9.814
37.507,3.245e4,32.151,-9.812
37.557,3.245e4,31.661,-9.809
37.607,3.246e4,31.17,-9.808
37.657,3.246e4,30.68,-9.805
37.707,3.247e4,30.19,-9.804
37.757,3.247e4,29.699,-9.803
37.807,3.248e4,29.209,-9.801
37.857,3.248e4,28.719,-9.8
37.907,3.249e4,28.229,-9.798
37.957,3.249e4,27.739,-9.797
38.007,3.25e4,27.25,-9.795
38.057,3.25e4,26.76,-9.794
38.107,3.251e4,26.27,-9.792
38.157,3.251e4,25.781,-9.79
38.207,3.251e4,25.291,-9.789
38.257,3.252e4,24.802,-9.789
38.307,3.252e4,24.312,-9.788
38.357,3.253e4,23.823,-9.787
38.407,3.253e4,23.334,-9.786
38.457,3.253e4,22.844,-9.786
38.507,3.254e4,22.355,-9.784
38.557,3.254e4,21.866,-9.783
38.607,3.255e4,21.377,-9.782
38.657,3.255e4,20.888,-9.781
38.707,3.255e4,20.399,-9.779
38.757,3.256e4,19.91,-9.778
38.807,3.256e4,19.421,-9.778
38.857,3.256e4,18.932,-9.777
38.907,3.257e4,18.443,-9.775
38.957,3.257e4,17.955,-9.774
39.007,3.257e4,17.466,-9.773
39.057,3.257e4,16.977,-9.772
39.107,3.258e4,16.489,-9.77
39.157,3.258e4,16,-9.768
39.207,3.258e4,15.512,-9.766
39.257,3.258e4,15.024,-9.765
39.307,3.259e4,14.535,-9.764
39.357,3.259e4,14.047,-9.764
39.407,3.259e4,13.559,-9.762
39.457,3.259e4,13.071,-9.761
39.507,3.26e4,12.583,-9.76
39.557,3.26e4,12.095,-9.758
39.607,3.26e4,11.607,-9.757
39.657,3.26e4,11.119,-9.757
39.707,3.26e4,10.631,-9.755
39.757,3.26e4,10.144,-9.754
39.807,3.261e4,9.656,-9.753
39.857,3.261e4,9.168,-9.751
39.907,3.261e4,8.681,-9.751
39.957,3.261e4,8.193,-9.749
40.007,3.261e4,7.706,-9.748
40.057,3.261e4,7.219,-9.747
40.107,3.261e4,6.731,-9.745
40.157,3.262e4,6.244,-9.742
40.207,3.262e4,5.757,-9.742
40.257,3.262e4,5.27,-9.741
40.307,3.262e4,4.783,-9.74
40.357,3.262e4,4.296,-9.739
40.407,3.262e4,3.809,-9.738
40.457,3.262e4,3.322,-9.738
40.507,3.262e4,2.835,-9.736
40.557,3.262e4,2.348,-9.735
40.607,3.262e4,1.861,-9.751
40.657,3.262e4,1.373,-9.751
40.707,3.262e4,0.886,-9.751
40.757,3.262e4,0.398,-9.75
40.807,3.262e4,-0.089,-9.75
40.857,3.262e4,-0.577,-9.754
40.96,3.262e4,-1.577,-9.743
41.062,3.262e4,-2.577,-9.731
41.165,3.262e4,-3.577,-9.716
41.268,3.262e4,-4.577,-9.699
41.371,3.262e4,-5.577,-9.68
41.474,3.261e4,-6.577,-9.656
41.578,3.261e4,-7.577,-9.629
41.682,3.261e4,-8.577,-9.598
41.786,3.261e4,-9.576,-9.565
41.89,3.26e4,-10.576,-9.526
41.995,3.26e4,-11.576,-9.482
42.101,3.26e4,-12.576,-9.436
42.207,3.259e4,-13.576,-9.387
42.313,3.259e4,-14.576,-9.333
42.42,3.258e4,-15.576,-9.276
42.528,3.257e4,-16.576,-9.216
42.637,3.257e4,-17.576,-9.151
42.746,3.256e4,-18.575,-9.083
42.856,3.256e4,-19.575,-9.01
42.967,3.255e4,-20.575,-8.933
43.079,3.254e4,-21.575,-8.853
43.192,3.253e4,-22.574,-8.77
43.306,3.252e4,-23.574,-8.682
43.421,3.251e4,-24.574,-8.591
43.537,3.25e4,-25.573,-8.496
43.655,3.249e4,-26.573,-8.396
43.774,3.248e4,-27.573,-8.293
43.895,3.247e4,-28.572,-8.186
44.017,3.246e4,-29.572,-8.076
44.14,3.245e4,-30.571,-7.961
44.266,3.244e4,-31.57,-7.842
44.393,3.242e4,-32.57,-7.722
44.523,3.241e4,-33.569,-7.593
44.654,3.239e4,-34.568,-7.463
44.788,3.238e4,-35.567,-7.326
44.925,3.236e4,-36.566,-7.188
45.064,3.235e4,-37.565,-7.046
45.205,3.233e4,-38.564,-6.899
45.35,3.231e4,-39.563,-6.748
45.498,3.229e4,-40.562,-6.592
45.65,3.227e4,-41.56,-6.433
45.805,3.225e4,-42.559,-6.271
45.964,3.223e4,-43.557,-6.104
46.128,3.22e4,-44.555,-5.933
46.296,3.218e4,-45.553,-5.757
46.469,3.215e4,-46.551,-5.577
46.648,3.212e4,-47.549,-5.394
46.833,3.209e4,-48.547,-5.204
47.025,3.206e4,-49.545,-5.008
47.224,3.203e4,-50.541,-4.812
47.431,3.2e4,-51.538,-4.608
47.647,3.196e4,-52.535,-4.401
47.873,3.192e4,-53.531,-4.189
48.111,3.188e4,-54.527,-3.974
48.362,3.183e4,-55.523,-3.751
48.627,3.178e4,-56.518,-3.522
48.909,3.173e4,-57.512,-3.289
49.212,3.167e4,-58.507,-3.05
49.538,3.161e4,-59.501,-2.804
49.892,3.154e4,-60.494,-2.551
50.281,3.146e4,-61.487,-2.29
50.714,3.137e4,-62.478,-2.022
51.203,3.127e4,-63.467,-1.745
51.703,3.117e4,-64.339,-1.491
52.203,3.106e4,-65.085,-1.263
52.703,3.096e4,-65.716,-1.062
53.203,3.085e4,-66.247,-0.887
53.703,3.074e4,-66.691,-0.731
54.203,3.063e4,-67.056,-0.595
54.703,3.052e4,-67.354,-0.476
55.203,3.041e4,-67.592,-0.373
55.703,3.03e4,-67.778,-0.282
56.203,3.019e4,-67.92,-0.205
56.703,3.007e4,-68.022,-0.133
57.203,2.996e4,-68.089,-0.073
57.703,2.985e4,-68.125,-0.021
58.203,2.974e4,-68.136,0.024
58.703,2.963e4,-68.124,0.062
59.203,2.951e4,-68.093,0.094
59.703,2.94e4,-68.046,0.121
60.203,2.929e4,-67.985,0.146
60.703,2.918e4,-67.912,0.166
61.203,2.907e4,-67.829,0.182
61.703,2.896e4,-67.739,0.195
62.203,2.885e4,-67.641,0.207
62.703,2.874e4,-67.538,0.216
63.203,2.863e4,-67.43,0.224
63.703,2.851e4,-67.318,0.232
64.203,2.84e4,-67.202,0.24
64.703,2.829e4,-67.082,0.246
65.203,2.818e4,-66.959,0.251
65.703,2.807e4,-66.833,0.254
66.203,2.796e4,-66.706,0.257
66.703,2.786e4,-66.577,0.259
67.203,2.775e4,-66.448,0.261
67.703,2.764e4,-66.317,0.262
68.203,2.753e4,-66.187,0.262
68.703,2.742e4,-66.056,0.262
69.203,2.731e4,-65.925,0.261
69.703,2.72e4,-65.794,0.26
70.203,2.71e4,-65.664,0.259
70.703,2.699e4,-65.535,0.258
71.203,2.688e4,-65.406,0.258
71.703,2.677e4,-65.277,0.259
72.203,2.667e4,-65.148,0.259
72.703,2.656e4,-65.018,0.259
73.203,2.645e4,-64.889,0.259
73.703,2.635e4,-64.759,0.258
74.203,2.624e4,-64.63,0.257
74.703,2.614e4,-64.501,0.256
75.203,2.603e4,-64.373,0.255
75.703,2.592e4,-64.246,0.253
76.203,2.582e4,-64.119,0.252
76.703,2.571e4,-63.994,0.25
77.203,2.561e4,-63.869,0.248
77.703,2.55e4,-63.745,0.246
78.203,2.54e4,-63.622,0.244
78.703,2.53e4,-63.5,0.242
79.203,2.519e4,-63.379,0.243
79.703,2.509e4,-63.258,0.243
80.203,2.498e4,-63.136,0.243
80.703,2.488e4,-63.015,0.243
81.203,2.478e4,-62.893,0.241
81.703,2.467e4,-62.773,0.241
82.203,2.457e4,-62.652,0.239
82.703,2.447e4,-62.533,0.238
83.203,2.437e4,-62.414,0.236
83.703,2.426e4,-62.296,0.235
84.203,2.416e4,-62.178,0.233
84.703,2.406e4,-62.061,0.232
85.203,2.396e4,-61.946,0.23
85.703,2.386e4,-61.831,0.228
86.203,2.376e4,-61.717,0.226
86.703,2.365e4,-61.604,0.224
87.203,2.355e4,-61.491,0.225
87.703,2.345e4,-61.379,0.225
88.203,2.335e4,-61.266,0.225
88.703,2.325e4,-61.154,0.225
89.203,2.315e4,-61.041,0.224
89.703,2.305e4,-60.929,0.223
90.203,2.295e4,-60.818,0.222
90.703,2.285e4,-60.707,0.221
91.203,2.275e4,-60.596,0.22
91.703,2.265e4,-60.486,0.218
92.203,2.255e4,-60.377,0.217
92.703,2.245e4,-60.269,0.215
93.203,2.236e4,-60.161,0.214
93.703,2.226e4,-60.054,0.212
94.203,2.216e4,-59.948,0.21
94.703,2.206e4,-59.843,0.209
95.203,2.196e4,-59.739,0.208
95.703,2.186e4,-59.635,0.209
96.203,2.177e4,-59.53,0.209
96.703,2.167e4,-59.426,0.209
97.203,2.157e4,-59.321,0.208
97.703,2.147e4,-59.217,0.208
98.203,2.138e4,-59.113,0.207
98.703,2.128e4,-59.01,0.206
99.203,2.118e4,-58.907,0.205
99.703,2.109e4,-58.805,0.204
100.203,2.099e4,-58.703,0.203
100.703,2.089e4,-58.601,0.201
101.203,2.08e4,-58.501,0.199
101.703,2.07e4,-58.401,0.198
102.203,2.061e4,-58.302,0.197
102.703,2.051e4,-58.204,0.195
103.203,2.042e4,-58.106,0.194
103.703,2.032e4,-58.009,0.193
104.203,2.023e4,-57.913,0.194
104.703,2.013e4,-57.816,0.194
105.203,2.004e4,-57.719,0.194
105.703,1.994e4,-57.622,0.194
106.203,1.985e4,-57.525,0.193
106.703,1.975e4,-57.428,0.193
107.203,1.966e4,-57.332,0.192
107.703,1.956e4,-57.236,0.191
108.203,1.947e4,-57.141,0.189
108.703,1.938e4,-57.046,0.188
109.203,1.928e4,-56.952,0.187
109.703,1.919e4,-56.859,0.186
110.203,1.91e4,-56.766,0.184
110.703,1.9e4,-56.673,0.183
111.203,1.891e4,-56.582,0.182
111.703,1.882e4,-56.491,0.181
112.203,1.873e4,-56.401,0.179
112.703,1.863e4,-56.311,0.18
113.203,1.854e4,-56.221,0.18
113.703,1.845e4,-56.131,0.181
114.203,1.836e4,-56.04,0.18
114.703,1.827e4,-55.95,0.18
115.203,1.817e4,-55.86,0.18
115.703,1.808e4,-55.77,0.179
116.203,1.799e4,-55.681,0.178
116.703,1.79e4,-55.592,0.177
117.203,1.781e4,-55.503,0.176
117.703,1.772e4,-55.415,0.175
118.203,1.763e4,-55.328,0.174
118.703,1.754e4,-55.241,0.173
119.203,1.745e4,-55.154,0.171
119.703,1.735e4,-55.069,0.17
120.203,1.726e4,-54.983,0.169
120.703,1.717e4,-54.899,0.168
121.203,1.708e4,-54.815,0.167
121.703,1.699e4,-54.732,0.168
122.203,1.69e4,-54.648,0.168
122.703,1.682e4,-54.564,0.168
123.203,1.673e4,-54.48,0.168
123.703,1.664e4,-54.396,0.168
124.203,1.655e4,-54.312,0.167
124.703,1.646e4,-54.228,0.167
125.203,1.637e4,-54.145,0.166
125.703,1.628e4,-54.062,0.165
126.203,1.619e4,-53.979,0.164
126.703,1.61e4,-53.897,0.163
127.203,1.602e4,-53.816,0.162
127.703,1.593e4,-53.735,0.161
128.203,1.584e4,-53.654,0.16
128.703,1.575e4,-53.574,0.159
129.203,1.566e4,-53.494,0.158
129.703,1.558e4,-53.415,0.157
130.203,1.549e4,-53.337,0.156
130.703,1.54e4,-53.259,0.156
131.203,1.531e4,-53.181,0.156
131.703,1.523e4,-53.103,0.157
132.203,1.514e4,-53.024,0.157
132.703,1.505e4,-52.946,0.157
133.203,1.497e4,-52.868,0.156
133.703,1.488e4,-52.789,0.156
134.203,1.479e4,-52.711,0.155
134.703,1.471e4,-52.634,0.155
135.203,1.462e4,-52.557,0.154
135.703,1.453e4,-52.48,0.153
136.203,1.445e4,-52.403,0.152
136.703,1.436e4,-52.327,0.151
137.203,1.428e4,-52.252,0.15
137.703,1.419e4,-52.177,0.149
138.203,1.41e4,-52.102,0.148
138.703,1.402e4,-52.028,0.147
139.203,1.393e4,-51.954,0.146
139.703,1.385e4,-51.881,0.145
140.203,1.376e4,-51.809,0.145
140.703,1.368e4,-51.736,0.146
141.203,1.359e4,-51.663,0.146
141.703,1.351e4,-51.59,0.147
142.203,1.342e4,-51.516,0.146
142.703,1.334e4,-51.443,0.146
143.203,1.326e4,-51.37,0.146
143.703,1.317e4,-51.297,0.145
144.203,1.309e4,-51.225,0.144
144.703,1.3e4,-51.153,0.144
145.203,1.292e4,-51.081,0.143
145.703,1.284e4,-51.009,0.142
146.203,1.275e4,-50.938,0.142
146.703,1.267e4,-50.868,0.14
147.203,1.259e4,-50.797,0.14
147.703,1.25e4,-50.728,0.139
148.203,1.242e4,-50.658,0.138
148.703,1.234e4,-50.589,0.137
149.203,1.225e4,-50.521,0.136
149.703,1.217e4,-50.453,0.135
150.203,1.209e4,-50.385,0.136
150.703,1.2e4,-50.317,0.136
151.203,1.192e4,-50.249,0.137
151.703,1.184e4,-50.18,0.137
152.203,1.176e4,-50.112,0.137
152.703,1.168e4,-50.044,0.136
153.203,1.159e4,-49.975,0.136
153.703,1.151e4,-49.907,0.135
154.203,1.143e4,-49.84,0.135
154.703,1.135e4,-49.772,0.134
155.203,1.127e4,-49.705,0.133
155.703,1.118e4,-49.639,0.133
156.203,1.11e4,-49.572,0.132
156.703,1.102e4,-49.506,0.131
157.203,1.094e4,-49.441,0.13
157.703,1.086e4,-49.375,0.13
158.203,1.078e4,-49.311,0.129
158.703,1.07e4,-49.246,0.128
159.203,1.062e4,-49.182,0.127
159.703,1.054e4,-49.119,0.127
160.203,1.046e4,-49.055,0.127
160.703,1.038e4,-48.992,0.128
161.203,1.03e4,-48.928,0.128
161.703,1.022e4,-48.864,0.128
162.203,1.014e4,-48.8,0.128
162.703,1.006e4,-48.736,0.128
163.203,9975.528,-48.672,0.127
163.703,9895.737,-48.609,0.127
164.203,9816.051,-48.545,0.126
164.703,9736.468,-48.482,0.126
165.203,9656.989,-48.419,0.125
165.703,9577.612,-48.357,0.124
166.203,9498.338,-48.295,0.124
166.703,9419.165,-48.233,0.123
167.203,9340.094,-48.171,0.122
167.703,9261.123,-48.11,0.122
168.203,9182.252,-48.049,0.121
168.703,9103.481,-47.989,0.12
169.203,9024.809,-47.928,0.119
169.703,8946.235,-47.869,0.119
170.203,8867.759,-47.809,0.118
170.703,8789.38,-47.75,0.119
171.203,8711.099,-47.691,0.12
171.703,8632.915,-47.631,0.12
172.203,8554.829,-47.571,0.12
172.703,8476.842,-47.511,0.12
173.203,8398.953,-47.451,0.119
173.703,8321.162,-47.392,0.119
174.203,8243.468,-47.332,0.119
174.703,8165.873,-47.273,0.118
175.203,8088.374,-47.214,0.118
175.703,8010.972,-47.155,0.117
176.203,7933.666,-47.096,0.116
176.703,7856.456,-47.038,0.116
177.203,7779.341,-46.98,0.115
177.703,7702.321,-46.923,0.115
178.203,7625.395,-46.865,0.114
178.703,7548.563,-46.808,0.113
179.203,7471.824,-46.752,0.113
179.703,7395.177,-46.696,0.112
180.203,7318.623,-46.64,0.111
180.703,7242.16,-46.584,0.111
181.203,7165.788,-46.529,0.111
181.703,7089.507,-46.473,0.112
182.203,7013.318,-46.417,0.112
182.703,6937.221,-46.361,0.112
183.203,6861.215,-46.305,0.112
183.703,6785.302,-46.249,0.112
184.203,6709.481,-46.193,0.112
184.703,6633.752,-46.137,0.111
185.203,6558.114,-46.081,0.111
185.703,6482.568,-46.025,0.11
186.203,6407.112,-45.97,0.11
186.703,6331.746,-45.915,0.109
187.203,6256.471,-45.861,0.109
187.703,6181.285,-45.806,0.108
188.203,6106.188,-45.752,0.108
188.703,6031.179,-45.698,0.107
189.203,5956.258,-45.645,0.106
189.703,5881.425,-45.592,0.106
190.203,5806.68,-45.539,0.106
190.703,5732.021,-45.486,0.105
191.203,5657.448,-45.433,0.104
191.703,5582.961,-45.381,0.104
192.203,5508.559,-45.329,0.105
192.703,5434.242,-45.277,0.105
193.203,5360.012,-45.225,0.105
193.703,5285.868,-45.172,0.105
194.203,5211.81,-45.119,0.105
194.703,5137.838,-45.067,0.105
195.203,5063.953,-45.014,0.105
195.703,4990.154,-44.962,0.104
196.203,4916.441,-44.909,0.104
196.703,4842.813,-44.858,0.103
197.203,4769.27,-44.806,0.103
197.703,4695.812,-44.754,0.103
198.203,4622.439,-44.703,0.102
198.703,4549.149,-44.652,0.102
199.203,4475.943,-44.601,0.101
199.703,4402.819,-44.551,0.1
200.203,4329.779,-44.5,0.1
200.703,4256.82,-44.45,0.099
201.203,4183.944,-44.401,0.099
201.703,4111.148,-44.351,0.098
202.203,4038.434,-44.302,0.098
202.703,3965.799,-44.253,0.097
203.203,3893.245,-44.205,0.098
203.703,3820.771,-44.156,0.098
204.203,3748.378,-44.106,0.099
204.703,3676.065,-44.057,0.099
205.203,3603.834,-44.008,0.099
205.703,3531.684,-43.958,0.099
206.203,3459.614,-43.909,0.099
206.703,3387.626,-43.859,0.098
207.203,3315.718,-43.81,0.098
207.703,3243.891,-43.761,0.097
208.203,3172.144,-43.713,0.097
208.703,3100.476,-43.664,0.097
209.203,3028.888,-43.616,0.096
209.703,2957.379,-43.568,0.096
210.203,2885.949,-43.52,0.095
210.703,2814.597,-43.472,0.095
211.203,2743.323,-43.425,0.094
211.703,2672.126,-43.378,0.094
212.203,2601.007,-43.331,0.093
212.703,2529.964,-43.285,0.093
213.203,2458.997,-43.238,0.092
213.703,2388.105,-43.192,0.092
214.203,2317.29,-43.146,0.092
214.703,2246.549,-43.1,0.092
215.203,2175.884,-43.054,0.093
215.703,2105.295,-43.008,0.093
216.203,2034.781,-42.962,0.093
216.703,1964.344,-42.915,0.093
217.203,1893.983,-42.869,0.093
217.703,1823.698,-42.822,0.092
218.203,1753.49,-42.776,0.092
218.703,1683.357,-42.73,0.092
219.203,1613.299,-42.684,0.091
219.703,1543.317,-42.638,0.091
220.203,1473.41,-42.593,0.091
220.703,1403.578,-42.547,0.09
221.203,1333.82,-42.502,0.09
221.703,1264.136,-42.457,0.089
222.203,1194.526,-42.412,0.089
222.703,1124.988,-42.368,0.088
223.203,1055.524,-42.323,0.088
223.703,986.132,-42.279,0.088
224.203,916.812,-42.236,0.087
224.703,847.564,-42.192,0.087
225.203,778.387,-42.149,0.086
225.703,709.281,-42.105,0.086
226.203,640.246,-42.062,0.087
226.204,640.108,-42.062,332.767
226.207,639.698,-41.062,316.678
226.21,639.278,-40.062,300.976
226.214,638.846,-39.063,285.66
226.217,638.404,-38.063,270.732
226.221,637.948,-37.063,256.191
226.225,637.48,-36.063,242.036
226.229,636.998,-35.063,228.269
226.233,636.501,-34.063,214.888
226.238,635.989,-33.063,201.895
226.243,635.46,-32.063,189.288
226.248,634.913,-31.063,177.068
226.254,634.347,-30.063,165.235
226.26,633.76,-29.063,153.787
226.266,633.15,-28.063,142.727
226.273,632.517,-27.063,132.054
226.281,631.857,-26.063,121.767
226.289,631.168,-25.063,111.868
226.298,630.448,-24.063,102.356
226.308,629.693,-23.063,93.231
226.318,628.899,-22.063,84.493
226.33,628.061,-21.064,76.143
226.343,627.175,-20.064,68.179
226.358,626.234,-19.064,60.603
226.375,625.229,-18.064,53.413
226.393,624.15,-17.064,46.611
226.415,622.984,-16.064,40.196
226.44,621.714,-15.064,34.168
226.469,620.315,-14.064,28.527
226.504,618.756,-13.064,23.274
226.547,616.984,-12.064,18.408
226.601,614.924,-11.064,13.928
226.673,612.436,-10.064,9.836
226.775,609.246,-9.064,6.132
226.938,604.665,-8.064,2.825
227.258,596.675,-7.16,0.156
227.618,588.247,-7.104,0.003
227.981,579.788,-7.103,-0.002
228.344,571.331,-7.104,0.004
228.706,562.876,-7.102,9.182e-4
229.069,554.424,-7.102,0.003
229.432,545.974,-7.101,0.002
229.795,537.526,-7.1,0.002
230.157,529.08,-7.099,0.006
230.52,520.637,-7.097,0.002
230.882,512.196,-7.097,0.006
231.245,503.757,-7.095,0.008
231.607,495.322,-7.092,-0.007
231.97,486.885,-7.094,0.001
232.332,478.452,-7.094,0.004
232.694,470.022,-7.093,0.01
233.056,461.595,-7.089,-0.007
233.419,453.167,-7.091,0.003
233.781,444.743,-7.09,0.002
234.143,436.322,-7.089,0.006
234.505,427.903,-7.087,-5.64e-4
234.867,419.485,-7.087,0.002
235.229,411.069,-7.087,0.005
235.591,402.657,-7.085,4.413e-4
235.953,394.245,-7.085,0.002
236.314,385.836,-7.084,0.004
236.676,377.43,-7.083,0.003
237.038,369.026,-7.081,4.938e-4
237.4,360.623,-7.081,0.006
237.761,352.224,-7.079,7.831e-4
238.123,343.825,-7.079,9.395e-4
238.484,335.429,-7.078,0.006
238.846,327.036,-7.076,-0.001
239.207,318.644,-7.077,0.004
239.569,310.254,-7.075,0.003
239.93,301.867,-7.074,1.375e-4
240.43,290.263,-7.074,0.008
240.791,281.882,-7.071,-0.002
241.152,273.501,-7.072,0.002
241.514,265.123,-7.071,0.014
241.875,256.749,-7.066,-0.008
242.236,248.373,-7.069,0.002
242.597,240.002,-7.068,0.002
242.958,231.632,-7.067,0.012
243.319,223.267,-7.063,-0.007
243.68,214.899,-7.066,0.003
244.041,206.536,-7.065,0.008
244.401,198.176,-7.062,8.024e-4
244.762,189.817,-7.062,-7.622e-5
245.262,178.233,-7.062,0.003
245.623,169.879,-7.061,0.004
245.983,161.528,-7.059,7.692e-4
246.344,153.177,-7.059,0.003
246.704,144.83,-7.058,0.002
247.065,136.484,-7.057,0.015
247.425,128.144,-7.052,-0.01
247.786,119.8,-7.055,0.002
248.146,111.46,-7.055,0.003
248.506,103.123,-7.053,0.002
248.866,94.788,-7.053,0.003
249.226,86.455,-7.052,0.002
249.587,78.124,-7.051,0.025
249.947,69.8,-7.042,-0.018
250.307,61.469,-7.049,0.002
250.667,53.145,-7.048,0.001
251.027,44.822,-7.047,0.002
251.387,36.501,-7.047,0.013
251.747,28.185,-7.042,-0.004
252.107,19.868,-7.044,0.011
252.467,11.555,-7.04,-0.01
252.826,3.24,-7.043,0.01
252.967,0,-7.042,-2.569e-5
